Species,Instance,Entry,Name,Nature,Item,Move1,Move2,Move3,Move4,EV1,EV2,EV3,EV4,EV5,EV6,Speed
Abomasnow,1,1,ABOMASNOW 1,Impish,Leftovers,Frost Breath,Icy Wind,Leech Seed,Ingrain,HP,,Def,,SpD,,80
Abomasnow,2,2,ABOMASNOW 2,Lonely,Miracle Seed,Wood Hammer,Brick Break,Double Team,Blizzard,HP,Atk,,SpA,,,80
Abomasnow,3,3,ABOMASNOW 3,Quiet,Focus Sash,Blizzard,Wood Hammer,Focus Blast,Ice Shard,HP,,,SpA,,,72
Abomasnow,4,4,ABOMASNOW 4,Quiet,Occa Berry,Blizzard,Focus Blast,Protect,Ice Shard,HP,,,SpA,,,72
Absol,1,1,ABSOL 1,Careful,Sitrus Berry,Payback,Mean Look,Hone Claws,Baton Pass,HP,,Def,,SpD,,95
Absol,2,2,ABSOL 2,Adamant,Chople Berry,Sucker Punch,Magic Coat,Psycho Cut,Taunt,HP,Atk,,,,,95
Absol,3,3,ABSOL 3,Jolly,Scope Lens,Night Slash,Zen Headbutt,Sucker Punch,Superpower,,Atk,,,,Spd,139
Absol,4,4,ABSOL 4,Jolly,Bright Powder,Substitute,Swagger,Punishment,Will-O-Wisp,,Atk,,,,Spd,139
Accelgor,1,1,ACCELGOR 1,Hasty,Focus Sash,Encore,Bug Buzz,Giga Drain,Me First,,,,SpA,,Spd,216
Accelgor,2,2,ACCELGOR 2,Modest,Weakness Policy,Energy Ball,Sludge Bomb,Bug Buzz,Endure,,,,SpA,,Spd,197
Accelgor,3,3,ACCELGOR 3,Timid,Focus Sash,U-turn,Bug Buzz,Focus Blast,Final Gambit,HP,,,,,Spd,216
Accelgor,4,4,ACCELGOR 4,Timid,Focus Sash,Bug Buzz,Encore,Focus Blast,Protect,,,,SpA,,Spd,216
Aerodactyl,1,1,AERODACTYL 1,Jolly,Choice Scarf,Rock Slide,,,,,Atk,,,,Spd,300
Aerodactyl,2,2,AERODACTYL 2,Naïve,Passho Berry,Crunch,Rock Slide,Roost,Sky Drop,,Atk,,,,Spd,200
Aerodactyl,3,3,AERODACTYL 3,Jolly,Expert Belt,Iron Head,Earthquake,Rock Slide,Thunder Fang,,Atk,,,,Spd,200
Aerodactyl,4,4,AERODACTYL 4,Jolly,Choice Band,Stone Edge,Aerial Ace,Earthquake,Crunch,,Atk,,,,Spd,200
Aggron,1,1,AGGRON 1,Impish,Focus Sash,Protect,Roar,Stealth Rock,Metal Burst,HP,,,,SpD,,70
Aggron,2,2,AGGRON 2,Quiet,King's Rock,Surf,Flash Cannon,Focus Blast,Round,,,Def,SpA,,,63
Aggron,3,3,AGGRON 3,Adamant,Wide Lens,Iron Tail,Dragon Rush,Avalanche,Stone Edge,,Atk,Def,,,,70
Aggron,4,4,AGGRON 4,Brave,Shuca Berry,Metal Burst,Taunt,Earthquake,Shadow Claw,,Atk,,,SpD,,63
Alakazam,1,1,ALAKAZAM 1,Timid,Twisted Spoon,Energy Ball,Psychic,Telekinesis,Guard Split,,,,SpA,,Spd,189
Alakazam,2,2,ALAKAZAM 2,Timid,Focus Sash,Psych Up,Encore,Protect,Psychic,,,,SpA,,Spd,189
Alakazam,3,3,ALAKAZAM 3,Timid,Wise Glasses,Psychic,Focus Blast,Signal Beam,Grass Knot,,,,SpA,,Spd,189
Alakazam,4,4,ALAKAZAM 4,Timid,Choice Specs,Psychic,Focus Blast,Disable,Trick,,,,SpA,,Spd,189
Altaria,1,1,ALTARIA 1,Calm,Sitrus Berry,Flamethrower,Cotton Guard,Dragon Pulse,Roost,HP,,,,SpD,,100
Altaria,2,2,ALTARIA 2,Lonely,Snowball,Dragon Claw,Pluck,Steel Wing,Dragon Dance,,Atk,,,,Spd,132
Altaria,3,3,ALTARIA 3,Jolly,Power Herb,Dragon Dance,Dragon Rush,Sky Attack,Earthquake,,Atk,,,,Spd,145
Altaria,4,4,ALTARIA 4,Calm,Wide Lens,Cotton Guard,Sing,Moonblast,Dream Eater,HP,,,,SpD,,100
Ambipom,1,1,AMBIPOM 1,Naive,King's Rock,Fake Out,Fling,Thief,U-turn,,Atk,,,,Spd,183
Ambipom,2,2,AMBIPOM 2,Timid,Focus Sash,Grass Knot,Thunderbolt,Nasty Plot,Counter,,,,SpA,,Spd,183
Ambipom,3,3,AMBIPOM 3,Jolly,Life Orb,Fake Out,Double Hit,Payback,Brick Break,,Atk,,,,Spd,183
Ambipom,4,4,AMBIPOM 4,Jolly,King's Rock,Fling,Taunt,Return,Payback,,Atk,,,,Spd,183
Ampharos,1,1,AMPHAROS 1,Mild,Shuca Berry,Power Gem,Thunder Wave,Discharge,Charge Beam,HP,,,SpA,SpD,,75
Ampharos,2,2,AMPHAROS 2,Brave,Lum Berry,Brick Break,Thunder Punch,Screech,Odor Sleuth,HP,Atk,Def,,,,67
Ampharos,3,3,AMPHAROS 3,Modest,Chesto Berry,Thunder Wave,Charge Beam,Hyper Beam,Rest,HP,,,SpA,,,75
Ampharos,4,4,AMPHAROS 4,Quiet,Zoom Lens,Thunder,Focus Blast,Signal Beam,Power Gem,HP,,,SpA,,,67
Arcanine,1,1,ARCANINE 1,Modest,Charcoal,Flamethrower,Solar Beam,Incinerate,Sunny Day,,,,SpA,,Spd,147
Arcanine,2,2,ARCANINE 2,Naughty,Weakness Policy,Extreme Speed,Crunch,Overheat,Roar,,Atk,,,,Spd,147
Arcanine,3,3,ARCANINE 3,Timid,White Herb,Overheat,Sunny Day,Solar Beam,Dragon Pulse,,,,SpA,,Spd,161
Arcanine,4,4,ARCANINE 4,Jolly,Sitrus Berry,Close Combat,Flare Blitz,Crunch,Extreme Speed,,Atk,,,,Spd,161
Archeops,1,1,ARCHEOPS 1,Jolly,Sitrus Berry,Quick Attack,Acrobatics,Crunch,U-turn,,Atk,,,,Spd,178
Archeops,2,2,ARCHEOPS 2,Mild,Enigma Berry,Earthquake,Earth Power,Endeavor,Ancient Power,,,,SpA,,Spd,162
Archeops,3,3,ARCHEOPS 3,Jolly,Choice Band,Aerial Ace,Earthquake,Head Smash,U-turn,,Atk,,,,Spd,178
Archeops,4,4,ARCHEOPS 4,Jolly,Sitrus Berry,Rock Slide,Earthquake,Aerial Ace,Protect,,Atk,,,,Spd,178
Armaldo,1,1,ARMALDO 1,Brave,Chesto Berry,X-Scissor,Rock Blast,Rest,Curse,HP,,,,SpD,,58
Armaldo,2,2,ARMALDO 2,Hasty,Razor Fang,Rock Slide,Earthquake,X-Scissor,Rock Polish,HP,,,,,Spd,106
Armaldo,3,3,ARMALDO 3,Adamant,Life Orb,X-Scissor,Rock Slide,Earthquake,Iron Defense,HP,,,,SpD,,65
Armaldo,4,4,ARMALDO 4,Adamant,Choice Band,Superpower,Stone Edge,Earthquake,X-Scissor,HP,Atk,,,,,65
Aromatisse,1,1,AROMATISSE 1,Calm,Lax Incense,Charm,Sweet Kiss,Attract,Draining Kiss,HP,,,,SpD,,49
Aromatisse,2,2,AROMATISSE 2,Calm,Assault Vest,Round,Psychic,Energy Ball,Dazzling Gleam,,,,SpA,SpD,,49
Aromatisse,3,3,AROMATISSE 3,Modest,Expert Belt,Flash Cannon,Thunder,Psyshock,Moonblast,,,,SpA,SpD,,49
Aromatisse,4,4,AROMATISSE 4,Sassy,Leftovers,Aromatic Mist,Dazzling Gleam,Heal Pulse,Trick Room,HP,,,,SpD,,44
Articuno,1,1,ARTICUNO 1,Modest,Icy Rock,Hail,Blizzard,Fly,Roost,HP,,,SpA,,,105
Articuno,2,2,ARTICUNO 2,Bold,Lum Berry,Sheer Cold,Mind Reader,Ice Shard,Ice Beam,HP,,,,SpD,,105
Articuno,3,3,ARTICUNO 3,Jolly,Charti Berry,Frost Breath,Reflect,Steel Wing,U-turn,,Atk,,,,Spd,150
Articuno,4,4,ARTICUNO 4,Modest,Leftovers,Tailwind,Blizzard,Sky Drop,Protect,,,,SpA,,Spd,137
Aurorus,1,1,AURORUS 1,Calm,Sitrus Berry,Substitute,Thunder Wave,Round,Thunderbolt,HP,,,,SpD,,78
Aurorus,2,2,AURORUS 2,Calm,Leftovers,Ancient Power,Hail,Sandstorm,Freeze-Dry,HP,,,,SpD,,78
Aurorus,3,3,AURORUS 3,Adamant,Expert Belt,Giga Impact,Earthquake,Stone Edge,Frost Breath,,Atk,,,SpD,,78
Aurorus,4,4,AURORUS 4,Modest,Life Orb,Hyper Beam,Flash Cannon,Thunder,Psychic,,,,SpA,SpD,,78
Avalugg,1,1,AVALUGG 1,Relaxed,Leftovers,Avalanche,Confide,Protect,Toxic,HP,,Def,,,,43
Avalugg,2,2,AVALUGG 2,Careful,Apicot Berry,Rest,Curse,Frost Breath,Skull Bash,,,Def,,SpD,,48
Avalugg,3,3,AVALUGG 3,Bold,Icy Rock,Hail,Blizzard,Recover,Flash Cannon,,,Def,,SpD,,48
Avalugg,4,4,AVALUGG 4,Brave,Iron Ball,Stone Edge,Avalanche,Gyro Ball,Earthquake,,Atk,Def,,,,21
Barbaracle,1,1,BARBARACLE 1,Adamant,Bright Powder,Stone Edge,Razor Shell,Shell Smash,Double Team,,Atk,,,,Spd,120
Barbaracle,2,2,BARBARACLE 2,Modest,Wise Glasses,Ancient Power,Blizzard,Surf,Focus Blast,,,Def,SpA,,,88
Barbaracle,3,3,BARBARACLE 3,Adamant,Expert Belt,Dragon Claw,Earthquake,X-Scissor,Night Slash,,Atk,Def,,,,88
Barbaracle,4,4,BARBARACLE 4,Adamant,Razor Claw,Stone Edge,Razor Shell,Cross Chop,Shadow Claw,,Atk,Def,,,,88
Bastiodon,1,1,BASTIODON 1,Careful,Enigma Berry,Iron Head,Taunt,Wide Guard,Metal Burst,HP,Atk,,,,,50
Bastiodon,2,2,BASTIODON 2,Bold,Chesto Berry,Round,Rest,Ancient Power,Iron Defense,,,Def,SpA,,,50
Bastiodon,3,3,BASTIODON 3,Careful,Leftovers,Stone Edge,Fissure,Double Team,Iron Defense,HP,,,,SpD,,50
Bastiodon,4,4,BASTIODON 4,Brave,Sitrus Berry,Metal Burst,Rock Slide,Wide Guard,Curse,HP,Atk,,,,,45
Beartic,1,1,BEARTIC 1,Brave,Sitrus Berry,Shadow Claw,Stone Edge,Avalanche,Bulk Up,,Atk,,,SpD,,63
Beartic,2,2,BEARTIC 2,Rash,Lax Incense,Hail,Icy Wind,Grass Knot,Blizzard,HP,,,SpA,,,70
Beartic,3,3,BEARTIC 3,Adamant,Sitrus Berry,Swords Dance,Avalanche,Rock Slide,Brick Break,,Atk,Def,,,,70
Beartic,4,4,BEARTIC 4,Jolly,Assault Vest,Icy Wind,Icicle Crash,Rock Slide,Brick Break,,Atk,,,,Spd,112
Bisharp,1,1,BISHARP 1,Lax,Sitrus Berry,Night Slash,Metal Claw,Taunt,Metal Burst,HP,,Def,,,,90
Bisharp,2,2,BISHARP 2,Adamant,Chople Berry,Aerial Ace,Low Sweep,Iron Head,Scary Face,HP,Atk,,,,,90
Bisharp,3,3,BISHARP 3,Jolly,Chople Berry,Iron Head,Night Slash,Low Sweep,Sucker Punch,,Atk,,,,Spd,134
Bisharp,4,4,BISHARP 4,Adamant,Focus Sash,Taunt,Sucker Punch,Rock Smash,Iron Head,HP,Atk,,,,,90
Blastoise,1,1,BLASTOISE 1,Quiet,Zoom Lens,Aqua Ring,Rock Slide,Aqua Tail,Iron Defense,HP,,Def,,SpD,,88
Blastoise,2,2,BLASTOISE 2,Quiet,Zoom Lens,Hydro Pump,Ice Beam,Mist,Focus Blast,HP,,,SpA,,,88
Blastoise,3,3,BLASTOISE 3,Adamant,Leftovers,Fake Out,Earthquake,Aqua Tail,Avalanche,HP,Atk,,,,,98
Blastoise,4,4,BLASTOISE 4,Adamant,Custap Berry,Yawn,Waterfall,Focus Punch,Rock Slide,HP,Atk,,,,,98
Blaziken,1,1,BLAZIKEN 1,Naughty,Salac Berry,High Jump Kick,Counter,Flamethrower,Will-O-Wisp,HP,,Def,,,Spd,121
Blaziken,2,2,BLAZIKEN 2,Adamant,Salac Berry,Blaze Kick,Flame Charge,Endure,Reversal,HP,Atk,,,,Spd,121
Blaziken,3,3,BLAZIKEN 3,Hardy,Choice Band,Flare Blitz,Shadow Claw,Thunder Punch,Earthquake,,Atk,,,,Spd,132
Blaziken,4,4,BLAZIKEN 4,Hardy,Shuca Berry,Flame Charge,Flare Blitz,Thunder Punch,Low Kick,,Atk,,,,Spd,132
Blissey,1,1,BLISSEY 1,Calm,Leftovers,Attract,Round,Heal Pulse,Aromatherapy,,,Def,,SpD,,75
Blissey,2,2,BLISSEY 2,Modest,Custap Berry,Charge Beam,Shadow Ball,Grass Knot,Thunder Wave,,,Def,SpA,,,75
Blissey,3,3,BLISSEY 3,Bold,Leftovers,Thunderbolt,Ice Beam,Counter,Calm Mind,HP,,Def,,,,75
Blissey,4,4,BLISSEY 4,Bold,Chople Berry,Toxic,Minimize,Mud Bomb,Soft-Boiled,,,Def,,SpD,,75
Bouffalant,1,1,BOUFFALANT 1,Adamant,Silk Scarf,Head Charge,Pursuit,Scary Face,Aerial Ace,HP,Atk,,,,,75
Bouffalant,2,2,BOUFFALANT 2,Brave,Chople Berry,Pursuit,Revenge,Retaliate,Swagger,HP,Atk,,,,,67
Bouffalant,3,3,BOUFFALANT 3,Adamant,Sitrus Berry,Swords Dance,Earthquake,Head Charge,Payback,HP,Atk,,,,,75
Bouffalant,4,4,BOUFFALANT 4,Adamant,Life Orb,Earthquake,Head Charge,Payback,Protect,HP,Atk,,,,,75
Braviary,1,1,BRAVIARY 1,Adamant,King's Rock,Rock Slide,Air Slash,Tailwind,Sky Drop,,Atk,Def,,SpD,,100
Braviary,2,2,BRAVIARY 2,Naughty,Persim Berry,Thrash,Bulk Up,Superpower,Pluck,,Atk,,,,Spd,132
Braviary,3,3,BRAVIARY 3,Adamant,Choice Scarf,Brave Bird,Return,U-turn,Rock Slide,,Atk,,,,Spd,198
Braviary,4,4,BRAVIARY 4,Adamant,Wacan Berry,Brave Bird,Tailwind,Superpower,Giga Impact,,Atk,,,,Spd,132
Breloom,1,1,BRELOOM 1,Brave,Black Belt,Fake Tears,Helping Hand,Mach Punch,Stun Spore,HP,Atk,,,,,81
Breloom,2,2,BRELOOM 2,Jolly,Toxic Orb,Substitute,Seed Bomb,Wake-Up Slap,Spore,,Atk,,,,Spd,134
Breloom,3,3,BRELOOM 3,Jolly,Focus Sash,Spore,Focus Punch,Rock Slide,Seed Bomb,,Atk,,,,Spd,134
Breloom,4,4,BRELOOM 4,Careful,Toxic Orb,Protect,Leech Seed,Substitute,Focus Punch,HP,,Def,,SpD,,90
Bronzong,1,1,BRONZONG 1,Impish,Sitrus Berry,Hypnosis,Rain Dance,Gyro Ball,Trick Room,HP,,Def,,SpD,,53
Bronzong,2,2,BRONZONG 2,Quiet,Damp Rock,Rain Dance,Light Screen,Charge Beam,Grass Knot,HP,,,SpA,,,47
Bronzong,3,3,BRONZONG 3,Adamant,Quick Claw,Iron Head,Zen Headbutt,Earthquake,Explosion,HP,Atk,,,,,53
Bronzong,4,4,BRONZONG 4,Brave,Lum Berry,Safeguard,Rock Slide,Zen Headbutt,Trick Room,HP,Atk,,,,,47
Carbink,1,1,CARBINK 1,Calm,Light Clay,Reflect,Light Screen,Safeguard,Dazzling Gleam,,,Def,,SpD,,70
Carbink,2,2,CARBINK 2,Bold,Smooth Rock,Toxic,Protect,Sandstorm,Power Gem,,,Def,,SpD,,70
Carbink,3,3,CARBINK 3,Quiet,Iron Ball,Trick Room,Gyro Ball,Dazzling Gleam,Power Gem,,,,SpA,SpD,,31
Carbink,4,4,CARBINK 4,Quiet,Scope Lens,Explosion,Psychic,Moonblast,Power Gem,,Atk,,SpA,,,63
Carracosta,1,1,CARRACOSTA 1,Naughty,Sitrus Berry,Aqua Tail,Rock Slide,Shell Smash,Iron Defense,HP,Atk,,,,,52
Carracosta,2,2,CARRACOSTA 2,Rash,Wide Lens,Rock Slide,Swagger,Blizzard,Hydro Pump,HP,,,SpA,,,52
Carracosta,3,3,CARRACOSTA 3,Adamant,Damp Rock,Rain Dance,Waterfall,Rock Slide,Earthquake,,Atk,,,,Spd,84
Carracosta,4,4,CARRACOSTA 4,Adamant,Weakness Policy,Waterfall,Rock Slide,Aqua Jet,Earthquake,,Atk,,,,Spd,84
Chandelure,1,1,CHANDELURE 1,Modest,Spell Tag,Flamethrower,Confuse Ray,Will-O-Wisp,Hex,HP,,,SpA,,Spd,121
Chandelure,2,2,CHANDELURE 2,Timid,Chesto Berry,Energy Ball,Rest,Heat Wave,Will-O-Wisp,HP,,,,,Spd,145
Chandelure,3,3,CHANDELURE 3,Modest,White Herb,Overheat,Shadow Ball,Protect,Will-O-Wisp,HP,,,SpA,,,100
Chandelure,4,4,CHANDELURE 4,Bold,Leftovers,Calm Mind,Will-O-Wisp,Shadow Ball,Heat Wave,HP,,,,SpD,,100
Charizard,1,1,CHARIZARD 1,Adamant,Salac Berry,Dragon Claw,Fire Punch,Belly Drum,Shadow Claw,HP,,,,SpD,Spd,141
Charizard,2,2,CHARIZARD 2,Adamant,Charti Berry,Dragon Claw,Shadow Claw,Rock Slide,Dragon Dance,,Atk,,,,Spd,152
Charizard,3,3,CHARIZARD 3,Mild,Choice Scarf,Heat Wave,Rock Slide,Air Slash,Crunch,,Atk,,SpA,,Spd,211
Charizard,4,4,CHARIZARD 4,Modest,Assault Vest,Heat Wave,Air Slash,Dragon Pulse,Focus Blast,,,,SpA,,Spd,152
Chesnaught,1,1,CHESNAUGHT 1,Adamant,Leftovers,Taunt,Spiky Shield,Feint,Wood Hammer,,Atk,Def,,,,84
Chesnaught,2,2,CHESNAUGHT 2,Adamant,Expert Belt,Dragon Claw,Seed Bomb,Earthquake,Brick Break,,Atk,Def,,,,84
Chesnaught,3,3,CHESNAUGHT 3,Modest,Life Orb,Focus Blast,Energy Ball,Sludge Bomb,Round,,,Def,SpA,,,84
Chesnaught,4,4,CHESNAUGHT 4,Adamant,White Herb,Wood Hammer,Hammer Arm,Earthquake,Stone Edge,,Atk,Def,,,,84
Clawitzer,1,1,CLAWITZER 1,Calm,Bright Powder,Heal Pulse,Muddy Water,Double Team,Confide,,,Def,,SpD,,79
Clawitzer,2,2,CLAWITZER 2,Modest,Petaya Berry,Flash Cannon,Scald,Sludge Wave,Round,,,,SpA,SpD,,79
Clawitzer,3,3,CLAWITZER 3,Jolly,Focus Sash,Crabhammer,Return,U-turn,Flail,,Atk,,,,Spd,122
Clawitzer,4,4,CLAWITZER 4,Modest,Choice Specs,Water Pulse,Dark Pulse,Dragon Pulse,Aura Sphere,,,,SpA,,Spd,111
Claydol,1,1,CLAYDOL 1,Calm,Absorb Bulb,Psychic,Ice Beam,Protect,Calm Mind,HP,,,,SpD,,95
Claydol,2,2,CLAYDOL 2,Impish,Sitrus Berry,Sandstorm,Toxic,Cosmic Power,Explosion,HP,,Def,,,,95
Claydol,3,3,CLAYDOL 3,Modest,Luminous Moss,Earth Power,Psychic,Ally Switch,Ice Beam,,,,SpA,SpD,,95
Claydol,4,4,CLAYDOL 4,Adamant,Custap Berry,Earthquake,Zen Headbutt,Rock Slide,Explosion,,Atk,,,SpD,,95
Cobalion,1,1,COBALION 1,Bold,Chesto Berry,Focus Blast,Flash Cannon,Calm Mind,Rest,HP,,,,SpD,,128
Cobalion,2,2,COBALION 2,Brave,Maranga Berry,Metal Burst,Sacred Sword,Quick Attack,Iron Head,HP,Atk,,,,,115
Cobalion,3,3,COBALION 3,Jolly,Lax Incense,Swagger,Substitute,Psych Up,Iron Head,,Atk,,,,Spd,176
Cobalion,4,4,COBALION 4,Jolly,Life Orb,Iron Head,Close Combat,Quick Guard,Protect,,Atk,,,,Spd,176
Cofagrigus,1,1,COFAGRIGUS 1,Sassy,Chesto Berry,Night Shade,Will-O-Wisp,Mean Look,Rest,HP,,,,SpD,,45
Cofagrigus,2,2,COFAGRIGUS 2,Quiet,Spell Tag,Shadow Ball,Energy Ball,Will-O-Wisp,Nasty Plot,HP,,,SpA,,,45
Cofagrigus,3,3,COFAGRIGUS 3,Quiet,Maranga Berry,Will-O-Wisp,Shadow Ball,Destiny Bond,Trick Room,HP,,,SpA,,,45
Cofagrigus,4,4,COFAGRIGUS 4,Bold,Leftovers,Will-O-Wisp,Toxic,Hex,Calm Mind,HP,,,,SpD,,50
Conkeldurr,1,1,CONKELDURR 1,Bold,Black Belt,Rock Slide,Force Palm,Smelling Salts,Bulk Up,HP,,Def,,SpD,,65
Conkeldurr,2,2,CONKELDURR 2,Brave,Iron Ball,Mach Punch,Hammer Arm,Bulk Up,Fling,,Atk,,,SpD,,29
Conkeldurr,3,3,CONKELDURR 3,Adamant,Sitrus Berry,Bulk Up,Drain Punch,Payback,Stone Edge,,Atk,,,SpD,,65
Conkeldurr,4,4,CONKELDURR 4,Brave,Iron Ball,Fling,Rock Slide,Superpower,Mach Punch,,Atk,,,SpD,,29
Cradily,1,1,CRADILY 1,Bold,Tanga Berry,Round,Gastro Acid,Stockpile,Swallow,,,Def,,SpD,,63
Cradily,2,2,CRADILY 2,Brave,Quick Claw,Confuse Ray,Energy Ball,Stone Edge,Earthquake,HP,Atk,,SpA,,,56
Cradily,3,3,CRADILY 3,Relaxed,Leftovers,Sandstorm,Toxic,Protect,Earthquake,HP,,Def,,,,56
Cradily,4,4,CRADILY 4,Sassy,Big Root,Stockpile,Protect,Ingrain,Giga Drain,HP,,Def,,,,56
Cresselia,1,1,CRESSELIA 1,Bold,Chesto Berry,Calm Mind,Psychic,Shadow Ball,Rest,HP,,Def,,,,105
Cresselia,2,2,CRESSELIA 2,Bold,Leftovers,Double Team,Moonlight,Toxic,Protect,HP,,,,SpD,,105
Cresselia,3,3,CRESSELIA 3,Bold,Lum Berry,Icy Wind,Round,Helping Hand,Swagger,HP,,,,SpD,,105
Cresselia,4,4,CRESSELIA 4,Bold,Iron Ball,Psychic,Trick,Moonblast,Trick Room,,,Def,SpA,,,47
Crobat,1,1,CROBAT 1,Jolly,Charti Berry,Cross Poison,X-Scissor,Hypnosis,U-turn,,Atk,,,,Spd,200
Crobat,2,2,CROBAT 2,Timid,Sharp Beak,Air Slash,Shadow Ball,Confuse Ray,Nasty Plot,,,,SpA,,Spd,200
Crobat,3,3,CROBAT 3,Jolly,Razor Claw,Cross Poison,Brave Bird,Zen Headbutt,X-Scissor,,Atk,,,,Spd,200
Crobat,4,4,CROBAT 4,Jolly,Wide Lens,Hypnosis,Aerial Ace,Cross Poison,Taunt,,Atk,,,,Spd,200
Cryogonal,1,1,CRYOGONAL 1,Timid,Charti Berry,Icy Wind,Ice Beam,Confuse Ray,Light Screen,,,Def,,,Spd,172
Cryogonal,2,2,CRYOGONAL 2,Hasty,Occa Berry,Ice Shard,Slash,Poison Jab,Haze,,Atk,,,,Spd,172
Cryogonal,3,3,CRYOGONAL 3,Timid,Occa Berry,Icy Wind,Flash Cannon,Blizzard,Sheer Cold,,,,SpA,,Spd,172
Cryogonal,4,4,CRYOGONAL 4,Naive,Focus Sash,Hail,Icy Wind,Blizzard,Explosion,,,,SpA,,Spd,172
Darmanitan,1,1,DARMANITAN 1,Naive,Leftovers,Fire Punch,Psychic,Protect,Will-O-Wisp,HP,,,,,Spd,161
Darmanitan,2,2,DARMANITAN 2,Calm,Luminous Moss,Psychic,Heat Wave,Round,Confide,HP,,,,SpD,,115
Darmanitan,3,3,DARMANITAN 3,Sassy,Assault Vest,Psychic,Earthquake,Flare Blitz,Overheat,,,Def,,SpD,,103
Darmanitan,4,4,DARMANITAN 4,Impish,Choice Scarf,Flare Blitz,Stone Edge,U-turn,Superpower,,Atk,,,,Spd,220
Delphox,1,1,DELPHOX 1,Timid,Petaya Berry,Confide,Psychic,Flamethrower,Round,,,,SpA,,Spd,171
Delphox,2,2,DELPHOX 2,Modest,Flame Orb,Role Play,Switcheroo,Mystical Fire,Shadow Ball,,,,SpA,,Spd,156
Delphox,3,3,DELPHOX 3,Timid,Heat Rock,Sunny Day,Solar Beam,Fire Blast,Psychic,,,,SpA,,Spd,171
Delphox,4,4,DELPHOX 4,Modest,White Herb,Overheat,Psychic,Shadow Ball,Psyshock,,,,SpA,,Spd,156
Dewgong,1,1,DEWGONG 1,Mild,Icy Rock,Icy Wind,Toxic,Rest,Hail,HP,,Def,,,,90
Dewgong,2,2,DEWGONG 2,Rash,Never-Melt Ice,Ice Shard,Signal Beam,Ice Beam,Encore,,,,SpA,,Spd,122
Dewgong,3,3,DEWGONG 3,Mild,Quick Claw,Fake Out,Surf,Ice Beam,Aqua Jet,,,,SpA,SpD,,90
Dewgong,4,4,DEWGONG 4,Bold,Salac Berry,Rain Dance,Rest,Surf,Stockpile,HP,,Def,,SpD,,90
Donphan,1,1,DONPHAN 1,Brave,Metronome,Earthquake,Scary Face,Rollout,Defense Curl,,Atk,Def,,,,63
Donphan,2,2,DONPHAN 2,Adamant,Focus Sash,Endeavor,Flail,Roar,Giga Impact,,Atk,,,SpD,,70
Donphan,3,3,DONPHAN 3,Brave,Maranga Berry,Earthquake,Gyro Ball,Fire Fang,Thunder Fang,,Atk,Def,,,,63
Donphan,4,4,DONPHAN 4,Adamant,Quick Claw,Earthquake,Stone Edge,Seed Bomb,Fissure,,Atk,,,SpD,,70
Dragonite,1,1,DRAGONITE 1,Impish,Custap Berry,Toxic,Thunder Wave,Roost,Rock Slide,HP,,Def,,SpD,,100
Dragonite,2,2,DRAGONITE 2,Mild,Salac Berry,Dragon Pulse,Ice Beam,Thunderbolt,Safeguard,,,,SpA,,Spd,132
Dragonite,3,3,DRAGONITE 3,Adamant,Choice Band,Outrage,Earthquake,Giga Impact,Superpower,,Atk,,,SpD,,100
Dragonite,4,4,DRAGONITE 4,Adamant,Snowball,Dragon Rush,Iron Tail,Extreme Speed,Fire Punch,,Atk,,,,Spd,132
Drapion,1,1,DRAPION 1,Bold,Scope Lens,Night Slash,Taunt,Toxic Spikes,X-Scissor,HP,,Def,,,,115
Drapion,2,2,DRAPION 2,Naive,Shuca Berry,Cross Poison,Crunch,Scary Face,Screech,,Atk,,,,Spd,161
Drapion,3,3,DRAPION 3,Jolly,Scope Lens,Cross Poison,Night Slash,Fire Fang,Earthquake,,Atk,,,,Spd,161
Drapion,4,4,DRAPION 4,Careful,Razor Claw,Cross Poison,Night Slash,Earthquake,Swords Dance,HP,Atk,,,,,115
Drifblim,1,1,DRIFBLIM 1,Bold,Salac Berry,Calm Mind,Stockpile,Ominous Wind,Baton Pass,,,Def,,SpD,,100
Drifblim,2,2,DRIFBLIM 2,Mild,Wide Lens,Hex,Thunderbolt,Dream Eater,Hypnosis,,,,SpA,,Spd,132
Drifblim,3,3,DRIFBLIM 3,Timid,Wise Glasses,Shadow Ball,Thunderbolt,Icy Wind,Destiny Bond,,,Def,,,Spd,145
Drifblim,4,4,DRIFBLIM 4,Bold,Custap Berry,Shadow Ball,Thunderbolt,Hypnosis,Destiny Bond,,,,,SpD,Spd,132
Druddigon,1,1,DRUDDIGON 1,Bold,Roseli Berry,Crunch,Scary Face,Glare,Dragon Tail,,Atk,Def,,,,68
Druddigon,2,2,DRUDDIGON 2,Lonely,Scope Lens,Dragon Claw,Night Slash,Slash,Hone Claws,HP,,Def,,SpD,,68
Druddigon,3,3,DRUDDIGON 3,Adamant,Quick Claw,Crunch,Dragon Claw,Earthquake,Rock Slide,HP,Atk,,,,,68
Druddigon,4,4,DRUDDIGON 4,Adamant,Choice Band,Outrage,Earthquake,Superpower,Dragon Tail,HP,Atk,,,,,68
Dugtrio,1,1,DUGTRIO 1,Hasty,Focus Sash,Reversal,Attract,Dig,Protect,,Atk,,,,Spd,189
Dugtrio,2,2,DUGTRIO 2,Lonely,Choice Band,Protect,Final Gambit,Earthquake,Rock Slide,HP,,,,,Spd,172
Dugtrio,3,3,DUGTRIO 3,Jolly,Choice Band,Earthquake,Rock Slide,Reversal,Aerial Ace,,Atk,,,,Spd,189
Dugtrio,4,4,DUGTRIO 4,Jolly,Bright Powder,Toxic,Dig,Substitute,Sandstorm,,Atk,,,,Spd,189
Durant,1,1,DURANT 1,Naive,Sitrus Berry,Crunch,Dig,Bug Bite,Metal Sound,HP,Atk,,,,Spd,165
Durant,2,2,DURANT 2,Impish,Power Herb,Dig,Iron Defense,Agility,Baton Pass,,,Def,,,Spd,161
Durant,3,3,DURANT 3,Jolly,Occa Berry,X-Scissor,Iron Head,Rock Slide,Shadow Claw,,Atk,,,,Spd,177
Durant,4,4,DURANT 4,Jolly,Focus Sash,Entrainment,X-Scissor,Iron Head,Protect,HP,,,,,Spd,177
Dusknoir,1,1,DUSKNOIR 1,Bold,Leftovers,Disable,Will-O-Wisp,Pain Split,Mean Look,HP,,Def,,,,65
Dusknoir,2,2,DUSKNOIR 2,Brave,Iron Ball,Shadow Sneak,Fire Punch,Fling,Trick Room,HP,Atk,,,,,29
Dusknoir,3,3,DUSKNOIR 3,Sassy,Leftovers,Toxic,Will-O-Wisp,Protect,Double Team,HP,,,,SpD,,58
Dusknoir,4,4,DUSKNOIR 4,Relaxed,Lum Berry,Shadow Sneak,Pain Split,Destiny Bond,Trick Room,HP,,,,SpD,,58
Eelektross,1,1,EELEKTROSS 1,Quiet,Magnet,Discharge,Gastro Acid,Thunderbolt,Thunder Wave,HP,,,SpA,,,63
Eelektross,2,2,EELEKTROSS 2,Naughty,Expert Belt,Crunch,Wild Charge,Brick Break,Coil,HP,Atk,,,,,70
Eelektross,3,3,EELEKTROSS 3,Brave,Assault Vest,Brick Break,U-turn,Grass Knot,Wild Charge,HP,Atk,,,,,63
Eelektross,4,4,EELEKTROSS 4,Bold,Leftovers,Charge Beam,Grass Knot,Flamethrower,Protect,HP,,,,SpD,,70
Electivire,1,1,ELECTIVIRE 1,Naughty,Expert Belt,Low Kick,Dig,Rock Slide,Screech,HP,Atk,,,,Spd,136
Electivire,2,2,ELECTIVIRE 2,Adamant,Shuca Berry,Fire Punch,Electro Ball,Ice Punch,Protect,HP,Atk,,,,Spd,136
Electivire,3,3,ELECTIVIRE 3,Modest,Air Balloon,Thunderbolt,Psychic,Focus Blast,Signal Beam,,,,SpA,,Spd,147
Electivire,4,4,ELECTIVIRE 4,Jolly,Shuca Berry,Thunder Punch,Fire Punch,Ice Punch,Earthquake,,Atk,,,,Spd,161
Electrode,1,1,ELECTRODE 1,Calm,Shuca Berry,Swagger,Light Screen,Charge Beam,Thunder Wave,HP,,,,SpD,,160
Electrode,2,2,ELECTRODE 2,Hasty,Focus Sash,Electro Ball,Taunt,Protect,Explosion,,Atk,,,,Spd,211
Electrode,3,3,ELECTRODE 3,Timid,Air Balloon,Thunderbolt,Mirror Coat,Signal Beam,Protect,,,,SpA,,Spd,211
Electrode,4,4,ELECTRODE 4,Timid,Damp Rock,Rain Dance,Thunder,Taunt,Light Screen,,,,SpA,,Spd,211
Emboar,1,1,EMBOAR 1,Careful,Chesto Berry,Gyro Ball,Curse,Rest,Sleep Talk,HP,,,,SpD,,85
Emboar,2,2,EMBOAR 2,Brave,Quick Claw,Yawn,Wild Charge,Bulldoze,Heat Crash,,Atk,Def,,SpD,,76
Emboar,3,3,EMBOAR 3,Adamant,Quick Claw,Flare Blitz,Brick Break,Flame Charge,Earthquake,,Atk,Def,,SpD,,85
Emboar,4,4,EMBOAR 4,Timid,Salac Berry,Substitute,Flamethrower,Focus Blast,Scald,,,,SpA,,Spd,128
Empoleon,1,1,EMPOLEON 1,Lax,Sitrus Berry,Yawn,Swords Dance,Aqua Jet,Metal Claw,HP,,Def,,,,80
Empoleon,2,2,EMPOLEON 2,Lonely,Muscle Band,Drill Peck,Aqua Jet,Metal Claw,Feather Dance,HP,Atk,,,SpD,,80
Empoleon,3,3,EMPOLEON 3,Quiet,Lum Berry,Surf,Ice Beam,Signal Beam,Icy Wind,HP,,,SpA,,,72
Empoleon,4,4,EMPOLEON 4,Calm,Petaya Berry,Surf,Substitute,Blizzard,Whirlpool,HP,,,SpA,,,80
Entei,1,1,ENTEI 1,Lonely,Focus Sash,Overheat,Flame Charge,Fire Fang,Stone Edge,,Atk,,,,Spd,152
Entei,2,2,ENTEI 2,Bold,Chesto Berry,Calm Mind,Will-O-Wisp,Flamethrower,Rest,HP,,Def,,SpD,,120
Entei,3,3,ENTEI 3,Timid,Choice Scarf,Eruption,Heat Wave,Extrasensory,Solar Beam,,,,SpA,,Spd,250
Entei,4,4,ENTEI 4,Adamant,Life Orb,Sacred Fire,Iron Head,Stone Edge,Protect,HP,Atk,,,,,120
Escavalier,1,1,ESCAVALIER 1,Brave,Liechi Berry,Megahorn,Quick Guard,Swords Dance,Reversal,HP,Atk,,,,,36
Escavalier,2,2,ESCAVALIER 2,Naughty,Quick Claw,Pursuit,Counter,X-Scissor,Swords Dance,HP,Atk,,,,,40
Escavalier,3,3,ESCAVALIER 3,Brave,Life Orb,Megahorn,Iron Defense,Poison Jab,Iron Head,HP,Atk,,,,,36
Escavalier,4,4,ESCAVALIER 4,Adamant,Custap Berry,Megahorn,Iron Head,Swagger,Reversal,HP,Atk,,,,,40
Espeon,1,1,ESPEON 1,Naive,Focus Sash,Yawn,Dream Eater,Calm Mind,Protect,,,,SpA,,Spd,178
Espeon,2,2,ESPEON 2,Timid,Kasib Berry,Psyshock,Grass Knot,Telekinesis,Charm,HP,,,,,Spd,178
Espeon,3,3,ESPEON 3,Modest,Lum Berry,Psychic,Shadow Ball,Hyper Beam,Grass Knot,,,,SpA,,Spd,162
Espeon,4,4,ESPEON 4,Timid,Expert Belt,Psychic,Shadow Ball,Signal Beam,Dazzling Gleam,,,,SpA,,Spd,178
Excadrill,1,1,EXCADRILL 1,Naughty,Soft Sand,Hone Claws,Rock Slide,Drill Run,Iron Defense,,Atk,Def,,,,108
Excadrill,2,2,EXCADRILL 2,Adamant,Chople Berry,Dig,Metal Sound,Metal Claw,Swords Dance,,Atk,Def,,,,108
Excadrill,3,3,EXCADRILL 3,Adamant,Bright Powder,Sandstorm,Earthquake,Rock Slide,Poison Jab,,Atk,Def,,SpD,,108
Excadrill,4,4,EXCADRILL 4,Adamant,Life Orb,Earthquake,Aerial Ace,Poison Jab,Rock Slide,,Atk,Def,,SpD,,108
Exeggutor,1,1,EXEGGUTOR 1,Mild,Petaya Berry,Psyshock,Grass Knot,Light Screen,Synthesis,,,,SpA,SpD,Spd,96
Exeggutor,2,2,EXEGGUTOR 2,Brave,Sitrus Berry,Wood Hammer,Curse,Egg Bomb,Synthesis,,Atk,,,SpD,,67
Exeggutor,3,3,EXEGGUTOR 3,Modest,Expert Belt,Leaf Storm,Psychic,Sludge Bomb,Ancient Power,HP,,,SpA,,,75
Exeggutor,4,4,EXEGGUTOR 4,Brave,Lum Berry,Wood Hammer,Zen Headbutt,Explosion,Trick Room,HP,Atk,,,,,67
Exploud,1,1,EXPLOUD 1,Modest,Chople Berry,Fire Blast,Roar,Uproar,Hyper Voice,,,Def,SpA,,,88
Exploud,2,2,EXPLOUD 2,Lonely,Chople Berry,Crunch,Fake Tears,Ice Beam,Giga Impact,,Atk,,SpA,,,88
Exploud,3,3,EXPLOUD 3,Adamant,Expert Belt,Earthquake,Brick Break,Ice Punch,Crunch,,Atk,Def,,,,88
Exploud,4,4,EXPLOUD 4,Timid,Life Orb,Icy Wind,Hyper Voice,Focus Blast,Shadow Ball,,,,SpA,,Spd,132
Feraligatr,1,1,FERALIGATR 1,Careful,Lax Incense,Screech,Aqua Jet,Earthquake,Block,HP,,,,SpD,,98
Feraligatr,2,2,FERALIGATR 2,Adamant,Liechi Berry,Superpower,Aqua Tail,Ice Fang,Dragon Dance,HP,Atk,,,,Spd,119
Feraligatr,3,3,FERALIGATR 3,Adamant,Lum Berry,Aqua Jet,Waterfall,Earthquake,Ice Punch,HP,Atk,,,,,98
Feraligatr,4,4,FERALIGATR 4,Adamant,Liechi Berry,Dragon Dance,Waterfall,Crunch,Substitute,,Atk,,,,Spd,130
Ferrothorn,1,1,FERROTHORN 1,Impish,Leftovers,Iron Head,Thunder Wave,Sandstorm,Ingrain,HP,,Def,,,,40
Ferrothorn,2,2,FERROTHORN 2,Careful,Chesto Berry,Rest,Payback,Gyro Ball,Curse,HP,,,,SpD,,40
Ferrothorn,3,3,FERROTHORN 3,Brave,Custap Berry,Protect,Payback,Explosion,Gyro Ball,HP,Atk,,,,,36
Ferrothorn,4,4,FERROTHORN 4,Sassy,Leftovers,Curse,Rock Smash,Gyro Ball,Ingrain,HP,,,,SpD,,36
Flareon,1,1,FLAREON 1,Naughty,Focus Sash,Dig,Flail,Work Up,Fire Blast,,Atk,,SpA,,,85
Flareon,2,2,FLAREON 2,Impish,Charcoal,Will-O-Wisp,Charm,Flame Charge,Protect,HP,,Def,,,,85
Flareon,3,3,FLAREON 3,Brave,White Herb,Superpower,Return,Will-O-Wisp,Overheat,HP,Atk,,,,,76
Flareon,4,4,FLAREON 4,Adamant,White Herb,Bite,Superpower,Giga Impact,Fire Fang,,Atk,,,SpD,,85
Floatzel,1,1,FLOATZEL 1,Naive,Binding Band,Aqua Tail,Protect,Pursuit,Whirlpool,,Atk,,,,Spd,183
Floatzel,2,2,FLOATZEL 2,Hasty,Flame Orb,Aqua Jet,Switcheroo,Pursuit,Crunch,,Atk,,,,Spd,183
Floatzel,3,3,FLOATZEL 3,Hasty,Damp Rock,Surf,Ice Beam,Focus Blast,Rain Dance,,,,SpA,,Spd,183
Floatzel,4,4,FLOATZEL 4,Hasty,Life Orb,Waterfall,Aqua Jet,Low Kick,Protect,,Atk,,,,Spd,183
Florges,1,1,FLORGES 1,Sassy,Babiri Berry,Flower Shield,Dazzling Gleam,Energy Ball,Wish,,,Def,,SpD,,85
Florges,2,2,FLORGES 2,Quiet,Kebia Berry,Misty Terrain,Grassy Terrain,Nature Power,Round,,,,SpA,SpD,,85
Florges,3,3,FLORGES 3,Modest,Kebia Berry,Calm Mind,Grass Knot,Psychic,Moonblast,,,,SpA,SpD,,95
Florges,4,4,FLORGES 4,Modest,Lum Berry,Round,Petal Dance,Psychic,Moonblast,,,,SpA,SpD,,95
Flygon,1,1,FLYGON 1,Naive,Weakness Policy,Earthquake,Dragon Claw,Endure,Fire Blast,,Atk,,,,Spd,167
Flygon,2,2,FLYGON 2,Naive,Haban Berry,Swagger,Quick Attack,Rock Slide,U-turn,,Atk,,,,Spd,167
Flygon,3,3,FLYGON 3,Timid,White Herb,Draco Meteor,Earth Power,Flamethrower,Giga Drain,,,,SpA,,Spd,167
Flygon,4,4,FLYGON 4,Adamant,Lum Berry,Earthquake,Outrage,Crunch,Stone Edge,,Atk,,,,Spd,152
Forretress,1,1,FORRETRESS 1,Impish,Occa Berry,Spikes,Struggle Bug,Stealth Rock,Iron Defense,HP,,Def,,,,60
Forretress,2,2,FORRETRESS 2,Naughty,Sitrus Berry,Spikes,Earthquake,Magnet Rise,Gyro Ball,HP,Atk,,,,,60
Forretress,3,3,FORRETRESS 3,Brave,Iron Ball,Gyro Ball,Earthquake,Bug Bite,Explosion,HP,Atk,,,,,27
Forretress,4,4,FORRETRESS 4,Careful,Custap Berry,Toxic Spikes,Stealth Rock,Spikes,Explosion,HP,,,,SpD,,60
Froslass,1,1,FROSLASS 1,Timid,Colbur Berry,Hail,Ice Beam,Ominous Wind,Thunderbolt,,,,SpA,,Spd,178
Froslass,2,2,FROSLASS 2,Lonely,Kasib Berry,Ice Shard,Thunder Wave,Hex,Taunt,,Atk,,,,Spd,162
Froslass,3,3,FROSLASS 3,Timid,Icy Rock,Hail,Blizzard,Ice Shard,Shadow Ball,,,,SpA,,Spd,178
Froslass,4,4,FROSLASS 4,Timid,Focus Sash,Blizzard,Icy Wind,Shadow Ball,Destiny Bond,,,,SpA,,Spd,178
Gallade,1,1,GALLADE 1,Hasty,Expert Belt,Shadow Sneak,Brick Break,Psycho Cut,Swords Dance,,Atk,,,,Spd,145
Gallade,2,2,GALLADE 2,Jolly,Scope Lens,Psycho Cut,Leaf Blade,Slash,Protect,,Atk,,,,Spd,145
Gallade,3,3,GALLADE 3,Adamant,Scope Lens,Psycho Cut,Stone Edge,Night Slash,X-Scissor,,Atk,,,SpD,,100
Gallade,4,4,GALLADE 4,Jolly,Lum Berry,Psycho Cut,Close Combat,Heal Pulse,Ally Switch,,Atk,,,,Spd,145
Garchomp,1,1,GARCHOMP 1,Jolly,Lax Incense,Earthquake,Protect,Sandstorm,Sand Tomb,HP,,,,,Spd,169
Garchomp,2,2,GARCHOMP 2,Hasty,Snowball,Fire Blast,Earth Power,Surf,Sandstorm,,,,SpA,,Spd,169
Garchomp,3,3,GARCHOMP 3,Adamant,Choice Scarf,Outrage,Earthquake,Fire Fang,Crunch,,Atk,,,,Spd,231
Garchomp,4,4,GARCHOMP 4,Jolly,Focus Sash,Swords Dance,Stone Edge,Earthquake,Dragon Claw,,Atk,,,,Spd,169
Gardevoir,1,1,GARDEVOIR 1,Timid,Wide Lens,Hypnosis,Dream Eater,Imprison,Dazzling Gleam,HP,,,,,Spd,145
Gardevoir,2,2,GARDEVOIR 2,Timid,Bright Powder,Stored Power,Thunderbolt,Calm Mind,Double Team,,,,SpA,,Spd,145
Gardevoir,3,3,GARDEVOIR 3,Timid,Lum Berry,Psychic,Shadow Ball,Energy Ball,Dazzling Gleam,,,,SpA,,Spd,145
Gardevoir,4,4,GARDEVOIR 4,Modest,Babiri Berry,Psychic,Moonblast,Focus Blast,Thunderbolt,,,,SpA,,Spd,132
Gastrodon,1,1,GASTRODON 1,Gentle,Damp Rock,Rain Dance,Sludge Bomb,Muddy Water,Counter,,,,SpA,SpD,,59
Gastrodon,2,2,GASTRODON 2,Careful,Rindo Berry,Waterfall,Amnesia,Curse,Yawn,,Atk,Def,,SpD,,59
Gastrodon,3,3,GASTRODON 3,Quiet,Leftovers,Sandstorm,Earth Power,Surf,Recover,,,Def,SpA,,,53
Gastrodon,4,4,GASTRODON 4,Bold,Leftovers,Amnesia,Curse,Earthquake,Waterfall,,,Def,,SpD,,59
Gengar,1,1,GENGAR 1,Timid,Focus Sash,Shadow Ball,Dream Eater,Nightmare,Hypnosis,,,,SpA,,Spd,178
Gengar,2,2,GENGAR 2,Jolly,Expert Belt,Sucker Punch,Fire Punch,Ice Punch,Will-O-Wisp,,Atk,,,,Spd,178
Gengar,3,3,GENGAR 3,Timid,Payapa Berry,Shadow Ball,Energy Ball,Dazzling Gleam,Round,,,,SpA,,Spd,178
Gengar,4,4,GENGAR 4,Timid,Lum Berry,Sludge Bomb,Thunderbolt,Shadow Ball,Destiny Bond,,,,SpA,,Spd,178
Gigalith,1,1,GIGALITH 1,Naughty,Rawst Berry,Bulldoze,Rock Blast,Gravity,Curse,HP,Atk,Def,,,,45
Gigalith,2,2,GIGALITH 2,Naughty,Hard Stone,Iron Defense,Sandstorm,Lock-On,Rock Blast,HP,,Def,,,,45
Gigalith,3,3,GIGALITH 3,Adamant,Custap Berry,Stone Edge,Earthquake,Sandstorm,Explosion,HP,Atk,,,,,45
Gigalith,4,4,GIGALITH 4,Quiet,Leftovers,Rock Slide,Stealth Rock,Curse,Earthquake,HP,,,,SpD,,40
Glaceon,1,1,GLACEON 1,Rash,Quick Claw,Ice Shard,Blizzard,Mirror Coat,Helping Hand,HP,,,SpA,,,85
Glaceon,2,2,GLACEON 2,Bold,Chesto Berry,Frost Breath,Shadow Ball,Rest,Barrier,HP,,Def,,,,85
Glaceon,3,3,GLACEON 3,Modest,Focus Sash,Hail,Blizzard,Mirror Coat,Hyper Beam,,,Def,SpA,,,85
Glaceon,4,4,GLACEON 4,Modest,Bright Powder,Blizzard,Shadow Ball,Signal Beam,Detect,,,Def,SpA,,,85
Gliscor,1,1,GLISCOR 1,Naughty,Razor Fang,Acrobatics,Fling,U-turn,Swords Dance,,Atk,,,,Spd,147
Gliscor,2,2,GLISCOR 2,Impish,Liechi Berry,Agility,Acrobatics,Swords Dance,Baton Pass,HP,,Def,,,,115
Gliscor,3,3,GLISCOR 3,Adamant,Expert Belt,Aerial Ace,Earthquake,X-Scissor,Stone Edge,,Atk,Def,,,,115
Gliscor,4,4,GLISCOR 4,Jolly,Focus Sash,Earthquake,Acrobatics,U-turn,Counter,HP,,,,,Spd,161
Gogoat,1,1,GOGOAT 1,Impish,Yache Berry,Substitute,Horn Leech,Bulk Up,Payback,,,Def,,SpD,,88
Gogoat,2,2,GOGOAT 2,Quiet,Occa Berry,Surf,Energy Ball,Rock Slide,Grass Knot,,Atk,,SpA,,,79
Gogoat,3,3,GOGOAT 3,Sassy,Big Root,Horn Leech,Leech Seed,Protect,Payback,HP,Atk,,,,,79
Gogoat,4,4,GOGOAT 4,Adamant,Choice Band,Earthquake,Leaf Blade,Wild Charge,Brick Break,,Atk,,,,Spd,120
Golem,1,1,GOLEM 1,Impish,Hard Stone,Stealth Rock,Curse,Gyro Ball,Smack Down,HP,Atk,Def,,,,65
Golem,2,2,GOLEM 2,Naughty,Absorb Bulb,Rock Slide,Earthquake,Bulldoze,Autotomize,,Atk,,,,Spd,97
Golem,3,3,GOLEM 3,Jolly,Focus Sash,Rock Slide,Earthquake,Explosion,Autotomize,,Atk,,,,Spd,106
Golem,4,4,GOLEM 4,Brave,Iron Ball,Rock Slide,Earthquake,Explosion,Fling,,Atk,,,SpD,,29
Golurk,1,1,GOLURK 1,Lonely,Muscle Band,Shadow Punch,Iron Defense,Bulldoze,Heavy Slam,HP,,,,SpD,,75
Golurk,2,2,GOLURK 2,Brave,Wide Lens,Hammer Arm,Rock Slide,Curse,Gyro Ball,,Atk,,,SpD,,67
Golurk,3,3,GOLURK 3,Adamant,Lum Berry,Dynamic Punch,Shadow Punch,Earthquake,Rock Slide,HP,Atk,,,,,75
Golurk,4,4,GOLURK 4,Brave,Iron Ball,Hammer Arm,Earthquake,Shadow Punch,Fling,HP,Atk,,,,,33
Goodra,1,1,GOODRA 1,Modest,Lax Incense,Substitute,Muddy Water,Dragon Pulse,Sludge Wave,,,,SpA,SpD,,100
Goodra,2,2,GOODRA 2,Careful,Lum Berry,Aqua Tail,Body Slam,Earthquake,Outrage,,Atk,,,SpD,,100
Goodra,3,3,GOODRA 3,Modest,Damp Rock,Dragon Pulse,Rain Dance,Thunder,Muddy Water,,,,SpA,SpD,,100
Goodra,4,4,GOODRA 4,Modest,White Herb,Draco Meteor,Thunder,Blizzard,Fire Blast,,,,SpA,SpD,,100
Gothitelle,1,1,GOTHITELLE 1,Sassy,Chesto Berry,Fake Tears,Psychic,Rest,Calm Mind,HP,,Def,,,Spd,95
Gothitelle,2,2,GOTHITELLE 2,Modest,Twisted Spoon,Psyshock,Miracle Eye,Mirror Coat,Tickle,HP,,Def,SpA,,,85
Gothitelle,3,3,GOTHITELLE 3,Modest,Kee Berry,Charm,Safeguard,Psychic,Charge Beam,HP,,,SpA,,,85
Gothitelle,4,4,GOTHITELLE 4,Modest,Bright Powder,Substitute,Flatter,Psych Up,Psychic,HP,,,SpA,,,85
Gourgeist,1,1,GOURGEIST 1,Impish,Sitrus Berry,Will-O-Wisp,Trick-or-Treat,Pain Split,Phantom Force,HP,,Def,,,,104
Gourgeist,2,2,GOURGEIST 2,Impish,Iron Ball,Trick Room,Gyro Ball,Seed Bomb,Explosion,HP,,Def,,SpD,,52
Gourgeist,3,3,GOURGEIST 3,Modest,Wise Glasses,Shadow Ball,Sludge Bomb,Energy Ball,Flamethrower,,,Def,SpA,,,104
Gourgeist,4,4,GOURGEIST 4,Adamant,Life Orb,Trick-or-Treat,Phantom Force,Seed Bomb,Rock Slide,HP,Atk,,,,,104
Granbull,1,1,GRANBULL 1,Sassy,Leftovers,Charm,Protect,Retaliate,Payback,HP,,Def,,SpD,,58
Granbull,2,2,GRANBULL 2,Modest,Wise Glasses,Snarl,Thunderbolt,Dazzling Gleam,Sludge Bomb,,,Def,SpA,,,65
Granbull,3,3,GRANBULL 3,Adamant,Sitrus Berry,Double-Edge,Eathquake,Wild Charge,Outrage,,Atk,,,,Spd,97
Granbull,4,4,GRANBULL 4,Adamant,Life Orb,Fire Fang,Ice Fang,Play Rough,Crunch,,Atk,,,,Spd,97
Greninja,1,1,GRENINJA 1,Calm,Leftovers,Mat Block,Spikes,Scald,Toxic,,,Def,,SpD,,142
Greninja,2,2,GRENINJA 2,Timid,Damp Rock,Rain Dance,Surf,Ice Beam,Round,,,,SpA,,Spd,191
Greninja,3,3,GRENINJA 3,Jolly,King's Rock,Water Shuriken,Rock Slide,Grass Knot,U-turn,,Atk,,,,Spd,191
Greninja,4,4,GRENINJA 4,Modest,Wide Lens,Hydro Pump,Dark Pulse,Blizzard,Extrasensory,,,,SpA,,Spd,174
Gyarados,1,1,GYARADOS 1,Lonely,Muscle Band,Ice Fang,Aqua Tail,Thunder Wave,Dragon Dance,HP,Atk,,,,Spd,122
Gyarados,2,2,GYARADOS 2,Naughty,Chesto Berry,Waterfall,Rest,Bulldoze,Giga Impact,,Atk,,,,Spd,133
Gyarados,3,3,GYARADOS 3,Jolly,Wacan Berry,Dragon Dance,Waterfall,Stone Edge,Earthquake,,Atk,,,,Spd,146
Gyarados,4,4,GYARADOS 4,Careful,Chesto Berry,Dragon Dance,Aqua Tail,Earthquake,Rest,HP,,,,SpD,,101
Hariyama,1,1,HARIYAMA 1,Brave,King's Rock,Feint,Fake Out,Smack Down,Vital Throw,,Atk,Def,,SpD,,63
Hariyama,2,2,HARIYAMA 2,Careful,Custap Berry,Reversal,Bullet Punch,Protect,Belly Drum,,,Def,,SpD,,70
Hariyama,3,3,HARIYAMA 3,Brave,Flame Orb,Fake Out,Close Combat,Detect,Earthquake,,Atk,Def,,,,63
Hariyama,4,4,HARIYAMA 4,Careful,Sitrus Berry,Belly Drum,Brick Break,Ice Punch,Bullet Punch,,,Def,,SpD,,70
Hawlucha,1,1,HAWLUCHA 1,Jolly,Salac Berry,Acrobatics,Feather Dance,High Jump Kick,Taunt,,Atk,,,,Spd,187
Hawlucha,2,2,HAWLUCHA 2,Careful,Leftovers,Toxic,Bounce,Dig,Protect,,,Def,,SpD,,138
Hawlucha,3,3,HAWLUCHA 3,Adamant,Liechi Berry,Swords Dance,Flying Press,Acrobatics,Steel Wing,,Atk,,,,Spd,170
Hawlucha,4,4,HAWLUCHA 4,Jolly,Power Herb,Sky Attack,Flying Press,U-turn,Stone Edge,,Atk,,,,Spd,187
Haxorus,1,1,HAXORUS 1,Hasty,Haban Berry,Dual Chop,Earthquake,Roar,Taunt,,Atk,,,,Spd,163
Haxorus,2,2,HAXORUS 2,Naughty,Persim Berry,Outrage,Rock Slide,Counter,Dragon Dance,HP,,Def,,,Spd,138
Haxorus,3,3,HAXORUS 3,Jolly,Choice Band,Outrage,Earthquake,Dragon Claw,Rock Slide,,Atk,,,,Spd,163
Haxorus,4,4,HAXORUS 4,Jolly,Yache Berry,Dragon Dance,Dragon Claw,Dragon Tail,Earthquake,,Atk,,,,Spd,163
Heatran,1,1,HEATRAN 1,Modest,Focus Sash,Lava Plume,Earth Power,Flash Cannon,Dark Pulse,HP,,,SpA,,,97
Heatran,2,2,HEATRAN 2,Modest,White Herb,Overheat,Will-O-Wisp,Flash Cannon,Protect,HP,,,SpA,,,97
Heatran,3,3,HEATRAN 3,Modest,Shuca Berry,Sunny Day,Fire Blast,Solar Beam,Earth Power,HP,,,SpA,,,97
Heatran,4,4,HEATRAN 4,Timid,Choice Scarf,Magma Storm,Earth Power,Dragon Pulse,Flash Cannon,,,,SpA,,Spd,211
Heracross,1,1,HERACROSS 1,Brave,Black Belt,Aerial Ace,Pursuit,Swords Dance,Brick Break,HP,Atk,Def,,,,94
Heracross,2,2,HERACROSS 2,Naughty,Salac Berry,Megahorn,Dig,Endure,Reversal,HP,,,,,Spd,137
Heracross,3,3,HERACROSS 3,Jolly,Coba Berry,Megahorn,Stone Edge,Facade,Shadow Claw,,Atk,,,,Spd,150
Heracross,4,4,HERACROSS 4,Jolly,Salac Berry,Megahorn,Earthquake,Reversal,Endure,,Atk,,,,Spd,150
Hippowdon,1,1,HIPPOWDON 1,Impish,Soft Sand,Earthquake,Crunch,Yawn,Whirlwind,,Atk,Def,,,,67
Hippowdon,2,2,HIPPOWDON 2,Lonely,Sitrus Berry,Crunch,Rock Slide,Protect,Curse,HP,Atk,,,,,67
Hippowdon,3,3,HIPPOWDON 3,Adamant,Sitrus Berry,Earthquake,Crunch,Slack Off,Yawn,,Atk,,,SpD,,67
Hippowdon,4,4,HIPPOWDON 4,Sassy,Chesto Berry,Curse,Rest,Earthquake,Crunch,HP,,,,SpD,,60
Honchkrow,1,1,HONCHKROW 1,Quiet,Kee Berry,Psychic,Dark Pulse,Protect,Nasty Plot,,,Def,SpA,SpD,,81
Honchkrow,2,2,HONCHKROW 2,Brave,Black Glasses,Sucker Punch,Taunt,Pursuit,Protect,,Atk,,,SpD,,81
Honchkrow,3,3,HONCHKROW 3,Modest,Life Orb,Air Cutter,Dark Pulse,Snatch,Shadow Ball,HP,,,SpA,,,91
Honchkrow,4,4,HONCHKROW 4,Adamant,Life Orb,Night Slash,Drill Peck,Sucker Punch,Thunder Wave,HP,Atk,,,,,91
Houndoom,1,1,HOUNDOOM 1,Adamant,Charcoal,Incinerate,Flame Charge,Will-O-Wisp,Sucker Punch,,Atk,,,,Spd,147
Houndoom,2,2,HOUNDOOM 2,Hasty,Focus Sash,Counter,Flame Charge,Roar,Protect,,Atk,,,,Spd,161
Houndoom,3,3,HOUNDOOM 3,Timid,Air Balloon,Flamethrower,Shadow Ball,Sludge Bomb,Will-O-Wisp,,,,SpA,,Spd,161
Houndoom,4,4,HOUNDOOM 4,Timid,White Herb,Overheat,Dark Pulse,Solar Beam,Sunny Day,,,,SpA,,Spd,161
Hydreigon,1,1,HYDREIGON 1,Rash,Dragon Fang,Dragon Pulse,Earth Power,Surf,Dragon Tail,,Atk,,,,Spd,150
Hydreigon,2,2,HYDREIGON 2,Mild,Wide Lens,Focus Blast,Fire Blast,Dragon Rush,Work Up,,Atk,,SpA,,Spd,139
Hydreigon,3,3,HYDREIGON 3,Timid,White Herb,Draco Meteor,Taunt,Earth Power,Flamethrower,,,,SpA,,Spd,165
Hydreigon,4,4,HYDREIGON 4,Jolly,Roseli Berry,Dragon Rush,Earthquake,Crunch,Dragon Tail,,Atk,,,,Spd,165
Infernape,1,1,INFERNAPE 1,Jolly,King's Rock,Fake Out,Encore,Fling,Acrobatics,,Atk,,,,Spd,176
Infernape,2,2,INFERNAPE 2,Mild,Charcoal,Heat Wave,Will-O-Wisp,Grass Knot,Calm Mind,HP,,,SpA,,Spd,149
Infernape,3,3,INFERNAPE 3,Hasty,Life Orb,Fake Out,Close Combat,Overheat,Stone Edge,,Atk,,,,Spd,176
Infernape,4,4,INFERNAPE 4,Jolly,Focus Sash,Fake Out,Encore,Flare Blitz,Close Combat,,Atk,,,,Spd,176
Jolteon,1,1,JOLTEON 1,Hasty,Magnet,Quick Attack,Thunderbolt,Thunder Wave,Swagger,,,,SpA,,Spd,200
Jolteon,2,2,JOLTEON 2,Timid,Damp Rock,Thunder,Protect,Charm,Rain Dance,,,,SpA,,Spd,200
Jolteon,3,3,JOLTEON 3,Timid,King's Rock,Thunder,Shadow Ball,Rain Dance,Yawn,,,,SpA,,Spd,200
Jolteon,4,4,JOLTEON 4,Timid,Razor Fang,Thunderbolt,Hyper Beam,Fake Tears,Signal Beam,,,,SpA,,Spd,200
Jynx,1,1,JYNX 1,Calm,Enigma Berry,Draining Kiss,Mean Look,Lovely Kiss,Attract,HP,,Def,,,,115
Jynx,2,2,JYNX 2,Adamant,Destiny Knot,Ice Punch,Fake Out,Heart Stamp,Taunt,,Atk,,,,Spd,147
Jynx,3,3,JYNX 3,Modest,Expert Belt,Icy Wind,Blizzard,Psychic,Focus Blast,,,,SpA,,Spd,147
Jynx,4,4,JYNX 4,Timid,Wide Lens,Lovely Kiss,Blizzard,Psychic,Fake Out,,,,SpA,,Spd,161
Kangaskhan,1,1,KANGASKHAN 1,Adamant,Sitrus Berry,Dizzy Punch,Fake Out,Chip Away,Roar,,Atk,,,,Spd,142
Kangaskhan,2,2,KANGASKHAN 2,Jolly,Salac Berry,Rock Slide,Sucker Punch,Endure,Reversal,,Atk,,,,Spd,156
Kangaskhan,3,3,KANGASKHAN 3,Jolly,Chople Berry,Fake Out,Double-Edge,Circle Throw,Sucker Punch,,Atk,,,,Spd,156
Kangaskhan,4,4,KANGASKHAN 4,Jolly,Salac Berry,Fake Out,Endeavor,Return,Substitute,,Atk,,,,Spd,156
Kingdra,1,1,KINGDRA 1,Adamant,Persim Berry,Waterfall,Quash,Protect,Outrage,HP,Atk,,,,Spd,126
Kingdra,2,2,KINGDRA 2,Mild,Haban Berry,Dragon Pulse,Waterfall,Ice Beam,Dragon Dance,HP,Atk,,SpA,,,105
Kingdra,3,3,KINGDRA 3,Modest,Maranga Berry,Rain Dance,Hydro Pump,Dragon Pulse,Ice Beam,HP,,,SpA,,Spd,126
Kingdra,4,4,KINGDRA 4,Modest,White Herb,Draco Meteor,Surf,Blizzard,Protect,HP,,,SpA,,Spd,126
Klinklang,1,1,KLINKLANG 1,Impish,Shuca Berry,Gear Grind,Thunder Wave,Screech,Volt Switch,HP,,,,,Spd,142
Klinklang,2,2,KLINKLANG 2,Mild,White Herb,Charge Beam,Metal Sound,Flash Cannon,Autotomize,,,,SpA,,Spd,142
Klinklang,3,3,KLINKLANG 3,Adamant,Occa Berry,Shift Gear,Gear Grind,Volt Switch,Giga Impact,,Atk,,,,Spd,142
Klinklang,4,4,KLINKLANG 4,Modest,Leftovers,Flash Cannon,Thunderbolt,Protect,Toxic,,,,SpA,,Spd,142
Krookodile,1,1,KROOKODILE 1,Naughty,Black Glasses,Crunch,Bulldoze,Taunt,Counter,,Atk,Def,,SpD,,112
Krookodile,2,2,KROOKODILE 2,Naughty,Roseli Berry,Smack Down,Earthquake,Pursuit,Embargo,,Atk,Def,,,,112
Krookodile,3,3,KROOKODILE 3,Adamant,Roseli Berry,Earthquake,Crunch,Stone Edge,Dragon Tail,,Atk,,,SpD,,112
Krookodile,4,4,KROOKODILE 4,Jolly,Liechi Berry,Earthquake,Pursuit,Low Sweep,Rock Slide,,Atk,,,,Spd,158
Landorus,1,1,LANDORUS 1,Careful,Apicot Berry,Rest,Sleep Talk,Smack Down,Fissure,,,Def,,SpD,,121
Landorus,2,2,LANDORUS 2,Modest,Choice Scarf,Earth Power,Extrasensory,Focus Blast,Grass Knot,,,,SpA,,Spd,229
Landorus,3,3,LANDORUS 3,Jolly,Smooth Rock,Sandstorm,Earthquake,Rock Slide,Protect,,Atk,,,,Spd,168
Landorus,4,4,LANDORUS 4,Adamant,White Herb,Hammer Arm,Earthquake,Explosion,U-turn,,Atk,Def,,,,121
Lanturn,1,1,LANTURN 1,Naughty,Salac Berry,Thunder Wave,Volt Switch,Waterfall,Agility,,Atk,,,,Spd,119
Lanturn,2,2,LANTURN 2,Calm,Sitrus Berry,Thunder Wave,Charge Beam,Stockpile,Swallow,,,Def,SpA,,,87
Lanturn,3,3,LANTURN 3,Modest,Petaya Berry,Surf,Discharge,Thunder Wave,Ice Beam,,,Def,SpA,SpD,,87
Lanturn,4,4,LANTURN 4,Bold,Chesto Berry,Stockpile,Rest,Charge Beam,Ice Beam,,,Def,,SpD,,87
Lapras,1,1,LAPRAS 1,Quiet,Damp Rock,Rain Dance,Thunder,Ice Shard,Confuse Ray,,,Def,SpA,,,72
Lapras,2,2,LAPRAS 2,Modest,Mystic Water,Surf,Ice Beam,Rest,Sleep Talk,,,Def,SpA,SpD,,80
Lapras,3,3,LAPRAS 3,Modest,Bright Powder,Surf,Ice Beam,Thunderbolt,Psychic,HP,,,SpA,,,80
Lapras,4,4,LAPRAS 4,Impish,Chesto Berry,Perish Song,Rest,Body Slam,Block,,,Def,,SpD,,80
Latias,1,1,LATIAS 1,Bold,Lax Incense,Calm Mind,Mist Ball,Dragon Pulse,Recover,HP,,Def,,,,130
Latias,2,2,LATIAS 2,Timid,White Herb,Draco Meteor,Thunder,Psychic,Mist Ball,,,,SpA,,Spd,178
Latias,3,3,LATIAS 3,Timid,Choice Specs,Draco Meteor,Thunderbolt,Psychic,Trick,,,,SpA,,Spd,178
Latias,4,4,LATIAS 4,Adamant,Life Orb,Draco Meteor,Earthquake,Hone Claws,Dragon Claw,,Atk,,,,Spd,162
Latios,1,1,LATIOS 1,Bold,Lax Incense,Calm Mind,Luster Purge,Dragon Pulse,Recover,HP,,Def,,,,130
Latios,2,2,LATIOS 2,Timid,White Herb,Draco Meteor,Thunderbolt,Psychic,Protect,,,,SpA,,Spd,178
Latios,3,3,LATIOS 3,Timid,Choice Specs,Draco Meteor,Thunder,Psychic,Energy Ball,,,,SpA,,Spd,178
Latios,4,4,LATIOS 4,Adamant,Life Orb,Draco Meteor,Earthquake,Dragon Dance,Outrage,,Atk,,,,Spd,162
Leafeon,1,1,LEAFEON 1,Impish,Scope Lens,X-Scissor,Leaf Blade,Swords Dance,Grass Whistle,HP,,,,,Spd,147
Leafeon,2,2,LEAFEON 2,Naive,Liechi Berry,Leaf Blade,Giga Impact,Substitute,Yawn,,Atk,,,,Spd,161
Leafeon,3,3,LEAFEON 3,Adamant,Heat Rock,Sunny Day,Leaf Blade,X-Scissor,Synthesis,,Atk,Def,,,,115
Leafeon,4,4,LEAFEON 4,Adamant,Quick Claw,Leaf Blade,X-Scissor,Aerial Ace,Detect,,Atk,Def,,,,115
Lickilicky,1,1,LICKILICKY 1,Naive,Kee Berry,Thunderbolt,Ice Beam,Me First,Psych Up,HP,,Def,SpA,,,77
Lickilicky,2,2,LICKILICKY 2,Adamant,Chople Berry,Gyro Ball,Rest,Curse,Sleep Talk,HP,Atk,Def,,SpD,,70
Lickilicky,3,3,LICKILICKY 3,Careful,Leftovers,Return,Gyro Ball,Curse,Rest,HP,,,,SpD,,70
Lickilicky,4,4,LICKILICKY 4,Adamant,Lax Incense,Body Slam,Power Whip,Earthquake,Explosion,HP,Atk,,,,,70
Lilligant,1,1,LILLIGANT 1,Timid,Persim Berry,Charm,Sleep Powder,Petal Dance,Healing Wish,,,,SpA,,Spd,156
Lilligant,2,2,LILLIGANT 2,Bold,Big Root,Ingrain,Leech Seed,Toxic,Protect,HP,,Def,,SpD,,110
Lilligant,3,3,LILLIGANT 3,Bold,Leftovers,Quiver Dance,Energy Ball,Leech Seed,Protect,HP,,Def,,,,110
Lilligant,4,4,LILLIGANT 4,Bold,Lum Berry,Solar Beam,Teeter Dance,Charm,Leech Seed,HP,,Def,SpA,,Spd,126
Lopunny,1,1,LOPUNNY 1,Naive,Toxic Orb,Fake Out,Encore,Fling,Dizzy Punch,HP,,,,,Spd,172
Lopunny,2,2,LOPUNNY 2,Jolly,Liechi Berry,Charm,Focus Punch,Substitute,Thunder Punch,,Atk,,,,Spd,172
Lopunny,3,3,LOPUNNY 3,Jolly,Chople Berry,Encore,Fake Out,Focus Punch,Mirror Coat,HP,,,,,Spd,172
Lopunny,4,4,LOPUNNY 4,Jolly,Flame Orb,Switcheroo,Mirror Coat,Protect,Dig,HP,,,,,Spd,172
Lucario,1,1,LUCARIO 1,Modest,Black Belt,Metal Sound,Dark Pulse,Aura Sphere,Heal Pulse,,,,SpA,,Spd,142
Lucario,2,2,LUCARIO 2,Jolly,Focus Sash,Close Combat,Hone Claws,Endure,Reversal,,Atk,,,,Spd,156
Lucario,3,3,LUCARIO 3,Jolly,Muscle Band,Close Combat,Earthquake,Blaze Kick,Shadow Claw,,Atk,,,,Spd,156
Lucario,4,4,LUCARIO 4,Hardy,Weakness Policy,Aura Sphere,Dragon Pulse,Stone Edge,Extreme Speed,,Atk,,SpA,,Spd,131
Ludicolo,1,1,LUDICOLO 1,Lax,Leftovers,Leech Seed,Toxic,Giga Drain,Rain Dance,HP,,Def,SpA,,,90
Ludicolo,2,2,LUDICOLO 2,Naughty,Tanga Berry,Fake Out,Grass Knot,Surf,Tickle,HP,Atk,,SpA,,,90
Ludicolo,3,3,LUDICOLO 3,Bold,Leftovers,Rain Dance,Leech Seed,Protect,Giga Drain,,,Def,SpA,SpD,,90
Ludicolo,4,4,LUDICOLO 4,Modest,Kee Berry,Fake Out,Hydro Pump,Leech Seed,Grass Knot,,,,SpA,,Spd,122
Luxray,1,1,LUXRAY 1,Lonely,Magnet,Wild Charge,Crunch,Captivate,Swagger,,Atk,,,SpD,,90
Luxray,2,2,LUXRAY 2,Careful,Quick Claw,Charge Beam,Helping Hand,Discharge,Roar,HP,,,,SpD,,90
Luxray,3,3,LUXRAY 3,Adamant,White Herb,Thunder Fang,Ice Fang,Superpower,Thunder Wave,HP,Atk,,,,,90
Luxray,4,4,LUXRAY 4,Careful,Air Balloon,Thunder Fang,Ice Fang,Light Screen,Thunder Wave,HP,,,,SpD,,90
Machamp,1,1,MACHAMP 1,Brave,Rawst Berry,Dynamic Punch,Payback,Foresight,Wide Guard,HP,Atk,,,,,67
Machamp,2,2,MACHAMP 2,Brave,Expert Belt,Ice Punch,Cross Chop,Fire Punch,Focus Energy,HP,Atk,,,,,67
Machamp,3,3,MACHAMP 3,Jolly,Choice Scarf,Dynamic Punch,Ice Punch,Rock Slide,Earthquake,,Atk,,,,Spd,175
Machamp,4,4,MACHAMP 4,Adamant,Flame Orb,Protect,Earthquake,Close Combat,Payback,,Atk,,,SpD,,75
Magmortar,1,1,MAGMORTAR 1,Adamant,Passho Berry,Flame Charge,Earthquake,Confuse Ray,Barrier,HP,Atk,,,,,103
Magmortar,2,2,MAGMORTAR 2,Modest,Wide Lens,Fire Blast,Flame Burst,Focus Blast,Taunt,,,,SpA,,Spd,135
Magmortar,3,3,MAGMORTAR 3,Jolly,Passho Berry,Flare Blitz,Thunder Punch,Earthquake,Brick Break,,Atk,,,,Spd,148
Magmortar,4,4,MAGMORTAR 4,Timid,White Herb,Overheat,Psychic,Focus Blast,Protect,,,,SpA,,Spd,148
Magnezone,1,1,MAGNEZONE 1,Rash,Magnet,Metal Sound,Flash Cannon,Thunderbolt,Magnet Rise,HP,,,SpA,,,80
Magnezone,2,2,MAGNEZONE 2,Quiet,Shuca Berry,Charge Beam,Thunder Wave,Flash Cannon,Mirror Coat,HP,,,SpA,,,72
Magnezone,3,3,MAGNEZONE 3,Modest,Bright Powder,Charge Beam,Flash Cannon,Magnet Rise,Thunder Wave,,,Def,SpA,,,80
Magnezone,4,4,MAGNEZONE 4,Modest,Assault Vest,Thunderbolt,Flash Cannon,Tri Attack,Volt Switch,,,,SpA,SpD,,80
Mamoswine,1,1,MAMOSWINE 1,Adamant,Passho Berry,Double Hit,Earthquake,Ice Shard,Stealth Rock,,Atk,,,SpD,Spd,121
Mamoswine,2,2,MAMOSWINE 2,Brave,Zoom Lens,Stone Edge,Bulldoze,Blizzard,Ice Fang,,Atk,Def,,SpD,,90
Mamoswine,3,3,MAMOSWINE 3,Adamant,Lax Incense,Hail,Earthquake,Superpower,Fissure,HP,Atk,,,,,100
Mamoswine,4,4,MAMOSWINE 4,Adamant,Life Orb,Earthquake,Ice Fang,Double-Edge,Stone Edge,HP,Atk,,,,,100
Mandibuzz,1,1,MANDIBUZZ 1,Calm,Wacan Berry,Taunt,Flatter,Roost,Toxic,,,,,SpD,Spd,132
Mandibuzz,2,2,MANDIBUZZ 2,Mild,Roseli Berry,Dark Pulse,Air Slash,Shadow Ball,Nasty Plot,,,,SpA,,Spd,132
Mandibuzz,3,3,MANDIBUZZ 3,Modest,Sitrus Berry,Nasty Plot,Dark Pulse,Air Slash,Incinerate,HP,,Def,,SpD,,100
Mandibuzz,4,4,MANDIBUZZ 4,Careful,Leftovers,Substitute,Swagger,Punishment,Roost,HP,,Def,,SpD,,100
Manectric,1,1,MANECTRIC 1,Adamant,Life Orb,Crunch,Odor Sleuth,Quick Attack,Wild Charge,,Atk,,,,Spd,157
Manectric,2,2,MANECTRIC 2,Modest,Charcoal,Flamethrower,Overheat,Discharge,Charge,,,,SpA,,Spd,157
Manectric,3,3,MANECTRIC 3,Timid,Air Balloon,Thunderbolt,Overheat,Volt Switch,Quick Attack,,,,SpA,,Spd,172
Manectric,4,4,MANECTRIC 4,Timid,Choice Scarf,Switcheroo,Thunder,Volt Switch,Overheat,,,,SpA,,Spd,258
Marowak,1,1,MAROWAK 1,Careful,Salac Berry,Substitute,Detect,Earthquake,Swords Dance,HP,,,,SpD,,65
Marowak,2,2,MAROWAK 2,Brave,Iron Ball,Earthquake,Fling,Brick Break,Detect,HP,Atk,,,,,29
Marowak,3,3,MAROWAK 3,Jolly,Thick Club,Earthquake,Stone Edge,Low Kick,Fire Punch,,Atk,,,,Spd,106
Marowak,4,4,MAROWAK 4,Jolly,Thick Club,Earthquake,Outrage,Detect,Rock Slide,,Atk,,,,Spd,106
Medicham,1,1,MEDICHAM 1,Impish,Black Belt,Fake Out,High Jump Kick,Bulk Up,Feint,HP,,,,,Spd,132
Medicham,2,2,MEDICHAM 2,Timid,Twisted Spoon,Psychic,Shadow Ball,Energy Ball,Calm Mind,,,,SpA,,Spd,145
Medicham,3,3,MEDICHAM 3,Jolly,Expert Belt,High Jump Kick,Zen Headbutt,Ice Punch,Bullet Punch,,Atk,,,,Spd,145
Medicham,4,4,MEDICHAM 4,Adamant,Life Orb,High Jump Kick,Psycho Cut,Fake Out,Detect,,Atk,,,,Spd,132
Meganium,1,1,MEGANIUM 1,Gentle,Sitrus Berry,Light Screen,Aromatherapy,Swagger,Solar Beam,HP,,,,SpD,,100
Meganium,2,2,MEGANIUM 2,Bold,Chesto Berry,Double Team,Petal Blizzard,Substitute,Rest,HP,,Def,,,,100
Meganium,3,3,MEGANIUM 3,Adamant,Light Clay,Seed Bomb,Earthquake,Reflect,Light Screen,HP,Atk,,,,,100
Meganium,4,4,MEGANIUM 4,Bold,Leftovers,Leech Seed,Ingrain,Toxic,Protect,,,Def,,SpD,,100
Metagross,1,1,METAGROSS 1,Naive,Occa Berry,Meteor Mash,Magnet Rise,Zen Headbutt,Agility,,Atk,,,,Spd,134
Metagross,2,2,METAGROSS 2,Quiet,Occa Berry,Psychic,Shadow Ball,Meteor Mash,Magnet Rise,HP,Atk,,SpA,,,81
Metagross,3,3,METAGROSS 3,Adamant,Occa Berry,Earthquake,Meteor Mash,Bullet Punch,Explosion,HP,Atk,,,SpD,,90
Metagross,4,4,METAGROSS 4,Careful,Toxic Orb,Trick,Meteor Mash,Protect,Earthquake,HP,,,,SpD,,90
Mienshao,1,1,MIENSHAO 1,Naive,Salac Berry,U-turn,Endure,Calm Mind,Baton Pass,HP,,,,,Spd,172
Mienshao,2,2,MIENSHAO 2,Jolly,King's Rock,Fake Out,Fling,Acrobatics,High Jump Kick,,Atk,,,,Spd,172
Mienshao,3,3,MIENSHAO 3,Jolly,Focus Sash,Low Kick,Fake Out,High Jump Kick,U-turn,,Atk,,,,Spd,172
Mienshao,4,4,MIENSHAO 4,Impish,Muscle Band,Feint,Fake Out,High Jump Kick,Wide Guard,HP,Atk,,,,,125
Milotic,1,1,MILOTIC 1,Bold,Enigma Berry,Surf,Recover,Mirror Coat,Confuse Ray,HP,,Def,,,,101
Milotic,2,2,MILOTIC 2,Quiet,Leftovers,Hydro Pump,Toxic,Attract,Aqua Ring,HP,,Def,,,,90
Milotic,3,3,MILOTIC 3,Calm,Wide Lens,Hydro Pump,Blizzard,Mirror Coat,Recover,,,,SpA,SpD,,101
Milotic,4,4,MILOTIC 4,Impish,Leftovers,Ice Beam,Rest,Sleep Talk,Surf,HP,,,,SpD,,101
Miltank,1,1,MILTANK 1,Jolly,Lum Berry,Body Slam,Helping Hand,Milk Drink,Heal Bell,HP,,,,,Spd,167
Miltank,2,2,MILTANK 2,Naive,Razor Fang,Body Slam,Fling,Brick Break,Captivate,,Atk,,,,Spd,167
Miltank,3,3,MILTANK 3,Adamant,Scope Lens,Dizzy Punch,Fire Punch,Thunder Punch,Ice Punch,,Atk,Def,,,,120
Miltank,4,4,MILTANK 4,Jolly,Salac Berry,Substitute,Earthquake,Rock Slide,Zen Headbutt,,Atk,,,,Spd,167
Mismagius,1,1,MISMAGIUS 1,Naive,Colbur Berry,Taunt,Protect,Imprison,Shadow Ball,HP,,,,,Spd,172
Mismagius,2,2,MISMAGIUS 2,Timid,Kasib Berry,Shadow Ball,Wonder Room,Grudge,Pain Split,HP,,,,SpD,,137
Mismagius,3,3,MISMAGIUS 3,Timid,Sitrus Berry,Icy Wind,Shadow Ball,Thunderbolt,Destiny Bond,,,,SpA,,Spd,172
Mismagius,4,4,MISMAGIUS 4,Bold,Bright Powder,Power Gem,Protect,Perish Song,Mean Look,HP,,Def,,,,125
Moltres,1,1,MOLTRES 1,Modest,White Herb,Overheat,Air Slash,Tailwind,Will-O-Wisp,,,,SpA,,Spd,142
Moltres,2,2,MOLTRES 2,Naughty,Power Herb,Flame Charge,Sky Attack,Aerial Ace,Fire Blast,,Atk,,,,Spd,142
Moltres,3,3,MOLTRES 3,Timid,Heat Rock,Sunny Day,Solar Beam,Flamethrower,Air Slash,,,,SpA,,Spd,156
Moltres,4,4,MOLTRES 4,Timid,Charcoal,Heat Wave,Incinerate,Air Slash,Protect,,,,SpA,,Spd,156
Mrmime,1,1,MRMIME 1,Timid,Choice Scarf,Trick,Dazzling Gleam,Psychic,Energy Ball,,,,SpA,,Spd,234
Mrmime,2,2,MRMIME 2,Brave,Jaboca Berry,Payback,Wide Guard,Confide,Fake Out,,Atk,,,SpD,,99
Mrmime,3,3,MRMIME 3,Bold,Light Clay,Light Screen,Psychic,Reflect,Dazzling Gleam,HP,,Def,,,,110
Mrmime,4,4,MRMIME 4,Modest,Babiri Berry,Shadow Ball,Signal Beam,Dazzling Gleam,Psychic,,,,SpA,,Spd,142
Muk,1,1,MUK 1,Brave,Black Sludge,Poison Jab,Stockpile,Swallow,Memento,,Atk,Def,,,,63
Muk,2,2,MUK 2,Lonely,Toxic Plate,Shadow Sneak,Poison Jab,Acid Armor,Flamethrower,,Atk,,SpA,SpD,,70
Muk,3,3,MUK 3,Brave,Zoom Lens,Gunk Shot,Payback,Shadow Sneak,Curse,HP,Atk,,,,,63
Muk,4,4,MUK 4,Adamant,Quick Claw,Gunk Shot,Shadow Sneak,Brick Break,Explosion,HP,Atk,,,,,70
Musharna,1,1,MUSHARNA 1,Mild,Zoom Lens,Hypnosis,Dream Eater,Calm Mind,Helping Hand,,,Def,SpA,SpD,,49
Musharna,2,2,MUSHARNA 2,Bold,Lum Berry,Shadow Ball,Energy Ball,Psychic,Trick Room,,,Def,SpA,,,49
Musharna,3,3,MUSHARNA 3,Modest,Scope Lens,Psychic,Shadow Ball,Energy Ball,Yawn,,,Def,SpA,,,49
Musharna,4,4,MUSHARNA 4,Relaxed,Chesto Berry,Stored Power,Calm Mind,Shadow Ball,Rest,,,Def,,SpD,,44
Nidoking,1,1,NIDOKING 1,Naughty,King's Rock,Bulldoze,Megahorn,Rock Slide,Hone Claws,HP,Atk,,,,,105
Nidoking,2,2,NIDOKING 2,Quiet,Black Sludge,Amnesia,Sludge Bomb,Flamethrower,Protect,HP,,,SpA,,,94
Nidoking,3,3,NIDOKING 3,Modest,Black Sludge,Earth Power,Sludge Bomb,Protect,Icy Wind,,,,SpA,,Spd,137
Nidoking,4,4,NIDOKING 4,Adamant,Muscle Band,Earthquake,Poison Jab,Megahorn,Protect,,Atk,,,,Spd,137
Nidoqueen,1,1,NIDOQUEEN 1,Relaxed,Payapa Berry,Chip Away,Swagger,Helping Hand,Flatter,HP,,Def,,SpD,,86
Nidoqueen,2,2,NIDOQUEEN 2,Mild,Absorb Bulb,Thunderbolt,Hyper Beam,Earth Power,Counter,HP,,,SpA,,,96
Nidoqueen,3,3,NIDOQUEEN 3,Modest,Black Sludge,Sludge Bomb,Earth Power,Flamethrower,Ice Beam,HP,,,SpA,,,96
Nidoqueen,4,4,NIDOQUEEN 4,Adamant,Black Sludge,Poison Jab,Dragon Tail,Bulldoze,Earthquake,HP,Atk,,,,,96
Ninetales,1,1,NINETALES 1,Modest,Passho Berry,Will-O-Wisp,Hypnosis,Extrasensory,Heat Wave,,,,SpA,,Spd,152
Ninetales,2,2,NINETALES 2,Timid,Safety Goggles,Heat Wave,Roar,Confuse Ray,Nasty Plot,HP,,,,,Spd,167
Ninetales,3,3,NINETALES 3,Timid,Wide Lens,Fire Blast,Extrasensory,Hypnosis,Disable,,,,,SpD,Spd,167
Ninetales,4,4,NINETALES 4,Timid,Passho Berry,Flamethrower,Extrasensory,Energy Ball,Calm Mind,HP,,,,,Spd,167
Noivern,1,1,NOIVERN 1,Timid,Yache Berry,Super Fang,Boomburst,Round,Torment,,,,SpA,,Spd,192
Noivern,2,2,NOIVERN 2,Adamant,Roseli Berry,Dragon Claw,Wild Charge,X-Scissor,Acrobatics,,Atk,,,,Spd,175
Noivern,3,3,NOIVERN 3,Modest,Razor Fang,Air Slash,Dragon Pulse,Flamethrower,Psychic,,,,SpA,,Spd,175
Noivern,4,4,NOIVERN 4,Modest,Wide Lens,Dragon Pulse,Hurricane,Flamethrower,Focus Blast,,,,SpA,,Spd,175
Pinsir,1,1,PINSIR 1,Naughty,Persim Berry,Bug Bite,Brick Break,Thrash,Swords Dance,,Atk,,,,Spd,137
Pinsir,2,2,PINSIR 2,Lonely,Insect Plate,Feint,X-Scissor,Stone Edge,Bug Bite,,Atk,,,,Spd,137
Pinsir,3,3,PINSIR 3,Adamant,Lax Incense,X-Scissor,Superpower,Stone Edge,Giga Impact,,Atk,Def,,,,105
Pinsir,4,4,PINSIR 4,Jolly,Choice Scarf,X-Scissor,Earthquake,Close Combat,Guillotine,,Atk,,,,Spd,225
Politoed,1,1,POLITOED 1,Modest,Cell Battery,Waterfall,Encore,Swagger,Bounce,,,,SpA,,Spd,122
Politoed,2,2,POLITOED 2,Quiet,Damp Rock,Rain Dance,Round,Body Slam,Hydro Pump,,,,SpA,SpD,,81
Politoed,3,3,POLITOED 3,Careful,Chesto Berry,Waterfall,Earthquake,Belly Drum,Rest,,Atk,,,SpD,,90
Politoed,4,4,POLITOED 4,Modest,Wide Lens,Hydro Pump,Blizzard,Focus Blast,Hypnosis,,,,SpA,SpD,,90
Poliwrath,1,1,POLIWRATH 1,Naughty,Sitrus Berry,Ice Beam,Waterfall,Psychic,Work Up,HP,Atk,,SpA,,,90
Poliwrath,2,2,POLIWRATH 2,Naive,Shell Bell,Brick Break,Waterfall,Hypnosis,Belly Drum,HP,Atk,,,,,99
Poliwrath,3,3,POLIWRATH 3,Adamant,Leftovers,Waterfall,Focus Punch,Encore,Substitute,HP,Atk,,,,,90
Poliwrath,4,4,POLIWRATH 4,Adamant,Sitrus Berry,Waterfall,Earthquake,Focus Punch,Circle Throw,HP,Atk,,,,,90
Porygon-z,1,1,PORYGON-Z 1,Modest,Wise Glasses,Psychic,Shadow Ball,Thunderbolt,Thunder Wave,,,,SpA,,Spd,80
Porygon-z,2,2,PORYGON-Z 2,Modest,Choice Specs,Hyper Beam,,,,,,,SpA,,Spd,80
Porygon-z,3,3,PORYGON-Z 3,Modest,Expert Belt,Psychic,Ice Beam,Signal Beam,Charge Beam,HP,,,SpA,,,80
Porygon-z,4,4,PORYGON-Z 4,Timid,Sitrus Berry,Tri Attack,Thunderbolt,Shadow Ball,Recover,,,,SpA,,Spd,80
Porygon2,1,1,PORYGON2 1,Modest,Sitrus Berry,Blizzard,Magic Coat,Lock-On,Zap Cannon,HP,,,SpA,,,142
Porygon2,2,2,PORYGON2 2,Calm,Petaya Berry,Tri Attack,Psychic,Recycle,Recover,HP,,Def,,SpD,,142
Porygon2,3,3,PORYGON2 3,Modest,Choice Specs,Tri Attack,Thunderbolt,Psychic,Ice Beam,HP,,,SpA,,,110
Porygon2,4,4,PORYGON2 4,Modest,Lum Berry,Tri Attack,Thunder Wave,Shadow Ball,Ice Beam,HP,,,SpA,,,156
Probopass,1,1,PROBOPASS 1,Calm,Cheri Berry,Smack Down,Volt Switch,Thunder Wave,Magnet Rise,HP,,,,SpD,,60
Probopass,2,2,PROBOPASS 2,Bold,Sitrus Berry,Block,Iron Defense,Flash Cannon,Discharge,HP,,Def,,,,60
Probopass,3,3,PROBOPASS 3,Adamant,Scope Lens,Stone Edge,Iron Head,Earthquake,Explosion,,Atk,Def,,,,60
Probopass,4,4,PROBOPASS 4,Modest,Life Orb,Flash Cannon,Power Gem,Earth Power,Thunderbolt,,,,SpA,SpD,,60
Pyroar,1,1,PYROAR 1,Timid,King's Rock,Flamethrower,Hyper Voice,Snarl,Noble Roar,,,,SpA,,Spd,173
Pyroar,2,2,PYROAR 2,Timid,Heat Rock,Sunny Day,Hyper Voice,Fire Blast,Solar Beam,,,,SpA,,Spd,173
Pyroar,3,3,PYROAR 3,Adamant,Lum Berry,Return,Fire Fang,Wild Charge,Crunch,,Atk,,,,Spd,158
Pyroar,4,4,PYROAR 4,Modest,White Herb,Overheat,Hyper Voice,Dark Pulse,Round,,,,SpA,,Spd,158
Quagsire,1,1,QUAGSIRE 1,Impish,Rindo Berry,Rest,Sleep Talk,Toxic,Bulldoze,HP,,Def,,,,55
Quagsire,2,2,QUAGSIRE 2,Impish,Iron Ball,Earthquake,Stockpile,Fling,Swallow,HP,,Def,,SpD,,27
Quagsire,3,3,QUAGSIRE 3,Adamant,Rindo Berry,Earthquake,Aqua Tail,Ice Punch,Stone Edge,,Atk,,,SpD,,55
Quagsire,4,4,QUAGSIRE 4,Careful,Leftovers,Curse,Amnesia,Earthquake,Waterfall,HP,,,,SpD,,55
Raichu,1,1,RAICHU 1,Adamant,Focus Sash,Encore,Thief,Thunder Wave,Discharge,,,,SpA,,Spd,162
Raichu,2,2,RAICHU 2,Jolly,Magnet,Brick Break,Electro Ball,Fake Out,Protect,,Atk,,,,Spd,178
Raichu,3,3,RAICHU 3,Jolly,Focus Sash,Thunder Punch,Reversal,Thunder Wave,Fake Out,,Atk,,,,Spd,178
Raichu,4,4,RAICHU 4,Timid,Lum Berry,Encore,Magnet Rise,Thunderbolt,Grass Knot,,,,SpA,,Spd,178
Raikou,1,1,RAIKOU 1,Timid,Shuca Berry,Thunderbolt,Volt Switch,Shadow Ball,Extrasensory,,,,SpA,,Spd,183
Raikou,2,2,RAIKOU 2,Timid,Leftovers,Charge Beam,Magnet Rise,Calm Mind,Shadow Ball,,,Def,,,Spd,183
Raikou,3,3,RAIKOU 3,Timid,Air Balloon,Thunderbolt,Volt Switch,Shadow Ball,Protect,,,,SpA,,Spd,183
Raikou,4,4,RAIKOU 4,Timid,Air Balloon,Thunder,Discharge,Reflect,Extrasensory,,,,SpA,,Spd,183
Rampardos,1,1,RAMPARDOS 1,Brave,Passho Berry,Rock Slide,Crunch,Curse,Protect,,Atk,Def,,SpD,,70
Rampardos,2,2,RAMPARDOS 2,Naughty,Sitrus Berry,Head Smash,Stone Edge,Hammer Arm,Scary Face,,Atk,,,,Spd,110
Rampardos,3,3,RAMPARDOS 3,Jolly,Choice Scarf,Head Smash,Earthquake,Brick Break,Thunder Punch,,Atk,,,,Spd,181
Rampardos,4,4,RAMPARDOS 4,Relaxed,Sitrus Berry,Head Smash,Earthquake,Rock Slide,Protect,,Atk,,,SpD,,70
Rapidash,1,1,RAPIDASH 1,Naughty,Passho Berry,Bounce,Flame Charge,Low Kick,Charm,,Atk,,,,Spd,157
Rapidash,2,2,RAPIDASH 2,Hasty,Heat Rock,Will-O-Wisp,Fire Blast,Solar Beam,Sunny Day,,,,SpA,,Spd,172
Rapidash,3,3,RAPIDASH 3,Jolly,Focus Sash,Flare Blitz,Poison Jab,Iron Tail,Horn Drill,,Atk,,,,Spd,172
Rapidash,4,4,RAPIDASH 4,Jolly,Charcoal,Flare Blitz,Megahorn,Double-Edge,Protect,,Atk,,,,Spd,172
Regice,1,1,REGICE 1,Modest,Sitrus Berry,Thunderbolt,Ice Beam,Focus Blast,Toxic,HP,,,SpA,,,70
Regice,2,2,REGICE 2,Timid,Chesto Berry,Thunderbolt,Icy Wind,Ice Beam,Rest,HP,,Def,,,Spd,100
Regice,3,3,REGICE 3,Bold,Leftovers,Charge Beam,Ice Beam,Amnesia,Protect,HP,,Def,,,,70
Regice,4,4,REGICE 4,Impish,Zoom Lens,Thunder,Blizzard,Focus Blast,Thunder Wave,HP,,,,SpD,,70
Regigigas,1,1,REGIGIGAS 1,Adamant,Bright Powder,Confuse Ray,Double Team,Drain Punch,Payback,HP,Atk,,,,,120
Regigigas,2,2,REGIGIGAS 2,Quiet,Zoom Lens,Thunder,Toxic,Focus Blast,Confuse Ray,HP,,,SpA,,,108
Regigigas,3,3,REGIGIGAS 3,Adamant,Leftovers,Confuse Ray,Drain Punch,Thunder Wave,Rock Slide,HP,Atk,,,,,120
Regigigas,4,4,REGIGIGAS 4,Careful,Leftovers,Wide Guard,Double Team,Confuse Ray,Toxic,HP,,Def,,,,120
Regirock,1,1,REGIROCK 1,Careful,Leftovers,Sandstorm,Curse,Rock Slide,Drain Punch,HP,,,,SpD,,70
Regirock,2,2,REGIROCK 2,Adamant,Custap Berry,Stone Edge,Drain Punch,Earthquake,Explosion,HP,Atk,,,,,70
Regirock,3,3,REGIROCK 3,Adamant,Luminous Moss,Ice Punch,Rock Slide,Drain Punch,Earthquake,HP,Atk,,,,,70
Regirock,4,4,REGIROCK 4,Jolly,Sitrus Berry,Rock Polish,Rock Slide,Superpower,Explosion,,Atk,,,,Spd,112
Registeel,1,1,REGISTEEL 1,Careful,Chesto Berry,Curse,Amnesia,Iron Head,Rest,HP,,,,SpD,,70
Registeel,2,2,REGISTEEL 2,Jolly,King's Rock,Rock Polish,Earthquake,Iron Head,Thunder Punch,,Atk,,,,Spd,112
Registeel,3,3,REGISTEEL 3,Bold,Leftovers,Amnesia,Iron Defense,Charge Beam,Flash Cannon,HP,,,,SpD,,70
Registeel,4,4,REGISTEEL 4,Adamant,Leftovers,Toxic,Double Team,Earthquake,Protect,HP,Atk,,,,,70
Reuniclus,1,1,REUNICLUS 1,Bold,Kee Berry,Psychic,Energy Ball,Recover,Wonder Room,HP,,Def,SpA,,,50
Reuniclus,2,2,REUNICLUS 2,Brave,King's Rock,Rock Slide,Explosion,Gyro Ball,Trick Room,,Atk,Def,,SpD,,45
Reuniclus,3,3,REUNICLUS 3,Quiet,Colbur Berry,Calm Mind,Psychic,Focus Blast,Shadow Ball,,,Def,SpA,,,45
Reuniclus,4,4,REUNICLUS 4,Relaxed,Toxic Orb,Trick,Psychic,Focus Blast,Recover,,,Def,,SpD,,45
Rhyperior,1,1,RHYPERIOR 1,Brave,Zoom Lens,Payback,Rock Blast,Stone Edge,Protect,HP,Atk,,,SpD,,54
Rhyperior,2,2,RHYPERIOR 2,Lonely,Hard Stone,Rock Wrecker,Rock Polish,,,,Atk,,,,Spd,92
Rhyperior,3,3,RHYPERIOR 3,Impish,Focus Sash,Horn Drill,Avalanche,Payback,Counter,HP,,Def,,,,60
Rhyperior,4,4,RHYPERIOR 4,Brave,Wide Lens,Rock Slide,Hammer Arm,Earthquake,Protect,HP,Atk,,,,,54
Roserade,1,1,ROSERADE 1,Calm,Big Root,Toxic,Leech Seed,Protect,Giga Drain,HP,,Def,,,,110
Roserade,2,2,ROSERADE 2,Modest,Occa Berry,Weather Ball,Energy Ball,Natural Gift,Attract,,,,SpA,,Spd,142
Roserade,3,3,ROSERADE 3,Timid,White Herb,Leaf Storm,Sludge Bomb,Hyper Beam,Grass Whistle,,,,SpA,,Spd,156
Roserade,4,4,ROSERADE 4,Bold,Black Sludge,Toxic,Protect,Leech Seed,Giga Drain,HP,,Def,,,,110
Salamence,1,1,SALAMENCE 1,Naughty,Yache Berry,Roost,Scary Face,Dragon Tail,Earthquake,,Atk,Def,,SpD,,120
Salamence,2,2,SALAMENCE 2,Lonely,Expert Belt,Dragon Claw,Zen Headbutt,Rock Slide,Dragon Dance,,Atk,,,SpD,Spd,141
Salamence,3,3,SALAMENCE 3,Jolly,Yache Berry,Draco Meteor,Dragon Rush,Earthquake,Brick Break,,Atk,,,,Spd,167
Salamence,4,4,SALAMENCE 4,Jolly,Lum Berry,Outrage,Crunch,Earthquake,Zen Headbutt,,Atk,,,,Spd,167
Samurott,1,1,SAMUROTT 1,Mild,Splash Plate,Retaliate,Razor Shell,Assurance,Encore,HP,Atk,,,,,90
Samurott,2,2,SAMUROTT 2,Quiet,Zoom Lens,Blizzard,Giga Impact,Detect,Hydro Pump,,Atk,,SpA,,,81
Samurott,3,3,SAMUROTT 3,Adamant,Custap Berry,Aerial Ace,Waterfall,X-Scissor,Aqua Jet,,Atk,Def,,SpD,,90
Samurott,4,4,SAMUROTT 4,Modest,Salac Berry,Hydro Pump,Ice Beam,Grass Knot,Protect,,,Def,SpA,SpD,,90
Sawk,1,1,SAWK 1,Naughty,Black Belt,Low Sweep,Quick Guard,Retaliate,Taunt,,Atk,,,,Spd,137
Sawk,2,2,SAWK 2,Naughty,Focus Sash,Earthquake,Payback,Endure,Reversal,,Atk,,,,Spd,137
Sawk,3,3,SAWK 3,Jolly,Expert Belt,Close Combat,Payback,Low Sweep,Earthquake,,Atk,,,,Spd,150
Sawk,4,4,SAWK 4,Adamant,Life Orb,Close Combat,Earthquake,Stone Edge,Taunt,,Atk,,,,Spd,137
Sceptile,1,1,SCEPTILE 1,Timid,Focus Sash,Quick Attack,Endeavor,Detect,Leaf Storm,,,,SpA,,Spd,189
Sceptile,2,2,SCEPTILE 2,Hasty,Scope Lens,Leaf Blade,Night Slash,Earthquake,Swords Dance,,Atk,,,,Spd,189
Sceptile,3,3,SCEPTILE 3,Timid,White Herb,Leaf Storm,Dragon Pulse,Energy Ball,Detect,,,,SpA,,Spd,189
Sceptile,4,4,SCEPTILE 4,Calm,Leftovers,Leech Seed,Endeavor,Energy Ball,Toxic,,,Def,,SpD,,140
Scizor,1,1,SCIZOR 1,Brave,Occa Berry,Metal Claw,Night Slash,Aerial Ace,Swords Dance,HP,,,,,,76
Scizor,2,2,SCIZOR 2,Naughty,Insect Plate,Bullet Punch,X-Scissor,Feint,Agility,HP,Atk,,,,,85
Scizor,3,3,SCIZOR 3,Brave,Life Orb,Swords Dance,Bullet Punch,Reversal,U-turn,HP,Atk,,,,,76
Scizor,4,4,SCIZOR 4,Adamant,Occa Berry,Bug Bite,Aerial Ace,Roost,Bullet Punch,HP,Atk,,,,,85
Scrafty,1,1,SCRAFTY 1,Naughty,Liechi Berry,Fake Out,Bulk Up,Focus Punch,Substitute,HP,Atk,,,,,78
Scrafty,2,2,SCRAFTY 2,Jolly,Coba Berry,High Jump Kick,Rock Slide,Taunt,Dragon Dance,HP,,,,,Spd,121
Scrafty,3,3,SCRAFTY 3,Adamant,Muscle Band,Substitute,Payback,High Jump Kick,Focus Punch,HP,Atk,,,,,78
Scrafty,4,4,SCRAFTY 4,Careful,Leftovers,Bulk Up,Payback,Protect,Drain Punch,HP,,,,SpD,,78
Seismitoad,1,1,SEISMITOAD 1,Rash,Chesto Berry,Round,Rest,Water Pulse,Sludge Wave,,,Def,SpA,SpD,,94
Seismitoad,2,2,SEISMITOAD 2,Brave,Iron Ball,Fling,Rock Slide,Poison Jab,Earthquake,,Atk,,,SpD,,42
Seismitoad,3,3,SEISMITOAD 3,Timid,Damp Rock,Rain Dance,Muddy Water,Earth Power,Sludge Bomb,,,,SpA,,Spd,138
Seismitoad,4,4,SEISMITOAD 4,Jolly,Maranga Berry,Brick Break,Poison Jab,Dig,Payback,,Atk,,,,Spd,138
Serperior,1,1,SERPERIOR 1,Jolly,Lum Berry,Attract,Leaf Tornado,Dragon Tail,Gastro Acid,,,Def,,SpD,Spd,169
Serperior,2,2,SERPERIOR 2,Sassy,Sitrus Berry,Leaf Tornado,Hidden Power,Mirror Coat,Captivate,HP,,,SpA,SpD,,119
Serperior,3,3,SERPERIOR 3,Calm,Bright Powder,Leaf Storm,Substitute,Hyper Beam,Toxic,HP,,Def,,SpD,,133
Serperior,4,4,SERPERIOR 4,Modest,Choice Specs,Leaf Storm,,,,,,,SpA,,Spd,165
Shiftry,1,1,SHIFTRY 1,Brave,Iron Ball,Fling,Razor Leaf,Brick Break,Swords Dance,HP,Atk,,,SpD,,45
Shiftry,2,2,SHIFTRY 2,Rash,Miracle Seed,Fake Out,Extrasensory,Solar Beam,Swagger,,,,SpA,,Spd,132
Shiftry,3,3,SHIFTRY 3,Hardy,Heat Rock,Sunny Day,Solar Beam,Dark Pulse,Explosion,,,Def,SpA,,,100
Shiftry,4,4,SHIFTRY 4,Adamant,Focus Sash,Fake Out,Sucker Punch,Low Kick,Protect,,Atk,Def,,,,100
Shuckle,1,1,SHUCKLE 1,Careful,Binding Band,Power Split,Encore,Gastro Acid,Sand Tomb,HP,,,,SpD,,25
Shuckle,2,2,SHUCKLE 2,Bold,Quick Claw,Power Trick,Encore,Rock Slide,Bug Bite,HP,,Def,,,,25
Shuckle,3,3,SHUCKLE 3,Relaxed,Lax Incense,Gyro Ball,Double Team,Substitute,Power Trick,HP,,Def,,,,22
Shuckle,4,4,SHUCKLE 4,Relaxed,Leftovers,Toxic,Protect,Sandstorm,Wrap,HP,,Def,,,,22
Skarmory,1,1,SKARMORY 1,Naive,Lax Incense,Spikes,Stealth Rock,Sky Drop,Whirlwind,HP,,,,,Spd,134
Skarmory,2,2,SKARMORY 2,Naughty,Cell Battery,Brave Bird,Steel Wing,Swords Dance,Roar,HP,,,,,Spd,122
Skarmory,3,3,SKARMORY 3,Jolly,Choice Scarf,Brave Bird,Steel Wing,Night Slash,Rock Slide,,Atk,,,,Spd,201
Skarmory,4,4,SKARMORY 4,Careful,Lum Berry,Spikes,Stealth Rock,Whirlwind,Toxic,HP,,,,SpD,,90
Skuntank,1,1,SKUNTANK 1,Naughty,Shuca Berry,Flamethrower,Night Slash,Incinerate,Memento,,Atk,,,,Spd,136
Skuntank,2,2,SKUNTANK 2,Adamant,Poison Barb,Pursuit,Foul Play,Poison Jab,Taunt,,Atk,,,,Spd,136
Skuntank,3,3,SKUNTANK 3,Jolly,Life Orb,Taunt,Sucker Punch,Foul Play,Poison Jab,,Atk,,,,Spd,149
Skuntank,4,4,SKUNTANK 4,Brave,Custap Berry,Night Slash,Poison Jab,Fire Blast,Explosion,,Atk,Def,,SpD,,93
Slaking,1,1,SLAKING 1,Naive,Chople Berry,Earthquake,Brick Break,Rock Slide,Encore,,Atk,,,,Spd,167
Slaking,2,2,SLAKING 2,Jolly,Kee Berry,Retaliate,Night Slash,Slack Off,Amnesia,,Atk,,,,Spd,167
Slaking,3,3,SLAKING 3,Adamant,Choice Band,Giga Impact,Shadow Claw,Hammer Arm,Earthquake,HP,Atk,,,,,120
Slaking,4,4,SLAKING 4,Jolly,Life Orb,Return,Night Slash,Gunk Shot,Aerial Ace,,Atk,,,,Spd,167
Slowbro,1,1,SLOWBRO 1,Bold,Sitrus Berry,Yawn,Psychic,Calm Mind,Water Pulse,HP,,Def,,,,50
Slowbro,2,2,SLOWBRO 2,Modest,Quick Claw,Flamethrower,Ice Beam,Slack Off,Water Pulse,,,Def,SpA,,,50
Slowbro,3,3,SLOWBRO 3,Bold,Leftovers,Psychic,Surf,Slack Off,Amnesia,HP,,Def,,,,50
Slowbro,4,4,SLOWBRO 4,Quiet,Leftovers,Psychic,Surf,Blizzard,Trick Room,HP,,Def,,,,45
Slowking,1,1,SLOWKING 1,Calm,Sitrus Berry,Psyshock,Water Pulse,Trick Room,Heal Pulse,,,,SpA,SpD,,50
Slowking,2,2,SLOWKING 2,Gentle,King's Rock,Zen Headbutt,Earthquake,Swagger,Psych Up,,Atk,,,SpD,,50
Slowking,3,3,SLOWKING 3,Modest,Choice Specs,Psychic,Shadow Ball,Signal Beam,Focus Blast,,,,SpA,SpD,,50
Slowking,4,4,SLOWKING 4,Quiet,Lum Berry,Psychic,Surf,Ice Beam,Trick Room,HP,,,,SpD,,45
Slurpuff,1,1,SLURPUFF 1,Modest,Big Root,Draining Kiss,Cotton Guard,Play Nice,Confide,HP,,,SpA,,,92
Slurpuff,2,2,SLURPUFF 2,Quiet,Petaya Berry,Fake Tears,Flamethrower,Dazzling Gleam,Round,,,,SpA,SpD,,82
Slurpuff,3,3,SLURPUFF 3,Adamant,Kee Berry,Endeavor,Play Rough,Facade,Cotton Guard,,Atk,,,SpD,,92
Slurpuff,4,4,SLURPUFF 4,Modest,Expert Belt,Dazzling Gleam,Energy Ball,Thunderbolt,Flamethrower,,,,SpA,,Spd,124
Snorlax,1,1,SNORLAX 1,Adamant,Sitrus Berry,Return,Wild Charge,Counter,Recycle,,Atk,Def,,,,50
Snorlax,2,2,SNORLAX 2,Brave,Sitrus Berry,Return,Protect,Crunch,Belly Drum,,Atk,Def,,,,45
Snorlax,3,3,SNORLAX 3,Adamant,Life Orb,Double-Edge,Earthquake,Crunch,Protect,,Atk,Def,,,,50
Snorlax,4,4,SNORLAX 4,Careful,Assault Vest,Body Slam,Power-Up Punch,Earthquake,Crunch,HP,,,,SpD,,50
Spiritomb,1,1,SPIRITOMB 1,Calm,Sitrus Berry,Sucker Punch,Pain Split,Toxic,Grudge,HP,,,,SpD,,55
Spiritomb,2,2,SPIRITOMB 2,Brave,Quick Claw,Shadow Sneak,Sucker Punch,Will-O-Wisp,Taunt,HP,Atk,,,,,49
Spiritomb,3,3,SPIRITOMB 3,Careful,Leftovers,Will-O-Wisp,Shadow Sneak,Swagger,Psych Up,HP,,,,SpD,,55
Spiritomb,4,4,SPIRITOMB 4,Careful,Custap Berry,Will-O-Wisp,Sucker Punch,Substitute,Pain Split,HP,,,,SpD,,55
Staraptor,1,1,STARAPTOR 1,Hasty,Focus Sash,U-turn,Feather Dance,Quick Attack,Endeavor,,Atk,,,,Spd,167
Staraptor,2,2,STARAPTOR 2,Adamant,Choice Scarf,Pursuit,Close Combat,Roost,Final Gambit,HP,,,,,Spd,228
Staraptor,3,3,STARAPTOR 3,Mild,Choice Band,Close Combat,Brave Bird,U-turn,Giga Impact,,Atk,,,,Spd,152
Staraptor,4,4,STARAPTOR 4,Jolly,Sitrus Berry,Brave Bird,Double-Edge,Roost,Feather Dance,,Atk,,,,Spd,167
Starmie,1,1,STARMIE 1,Timid,Sitrus Berry,Psychic,Cosmic Power,Recover,Reflect Type,HP,,,,,Spd,183
Starmie,2,2,STARMIE 2,Modest,Mystic Water,Protect,Psychic,Hydro Pump,Rapid Spin,,,,SpA,,Spd,167
Starmie,3,3,STARMIE 3,Timid,Focus Sash,Surf,Psychic,Power Gem,Signal Beam,,,,SpA,,Spd,183
Starmie,4,4,STARMIE 4,Timid,King's Rock,Surf,Psychic,Thunderbolt,Ice Beam,,,,SpA,,Spd,183
Steelix,1,1,STEELIX 1,Impish,Chesto Berry,Earthquake,Rest,Curse,Stealth Rock,HP,,,,SpD,,50
Steelix,2,2,STEELIX 2,Impish,Enigma Berry,Crunch,Curse,Gyro Ball,Screech,HP,Atk,,,,,50
Steelix,3,3,STEELIX 3,Brave,Quick Claw,Gyro Ball,Earthquake,Stone Edge,Explosion,,Atk,,,SpD,,45
Steelix,4,4,STEELIX 4,Relaxed,Iron Ball,Gyro Ball,Payback,Swagger,Curse,,Atk,Def,,,,22
Suicune,1,1,SUICUNE 1,Bold,Chesto Berry,Calm Mind,Surf,Ice Beam,Rest,HP,,Def,,,,105
Suicune,2,2,SUICUNE 2,Modest,Sitrus Berry,Hydro Pump,Ice Beam,Shadow Ball,Mirror Coat,HP,,,SpA,,,105
Suicune,3,3,SUICUNE 3,Bold,Leftovers,Surf,Blizzard,Calm Mind,Protect,HP,,Def,,,,105
Suicune,4,4,SUICUNE 4,Timid,Lum Berry,Icy Wind,Surf,Blizzard,Protect,,,,SpA,,Spd,150
Swampert,1,1,SWAMPERT 1,Sassy,Jaboca Berry,Mirror Coat,Counter,Earthquake,Roar,,,Def,,SpD,,72
Swampert,2,2,SWAMPERT 2,Careful,Chesto Berry,Waterfall,Hammer Arm,Rest,Curse,HP,,,,SpD,,80
Swampert,3,3,SWAMPERT 3,Adamant,Maranga Berry,Earthquake,Avalanche,Waterfall,Stone Edge,HP,Atk,,,,,80
Swampert,4,4,SWAMPERT 4,Careful,Chesto Berry,Curse,Rest,Earthquake,Waterfall,HP,,,,SpD,,80
Sylveon,1,1,SYLVEON 1,Calm,Leftovers,Misty Terrain,Tail Whip,Helping Hand,Dazzling Gleam,HP,,,,SpD,,80
Sylveon,2,2,SYLVEON 2,Calm,Ganlon Berry,Baton Pass,Calm Mind,Psych Up,Moonblast,,,Def,,SpD,,80
Sylveon,3,3,SYLVEON 3,Modest,Razor Claw,Moonblast,Shadow Ball,Round,Psyshock,,,,SpA,SpD,,80
Sylveon,4,4,SYLVEON 4,Modest,Big Root,Draining Kiss,Baby-Doll Eyes,Psyshock,Misty Terrain,,,,SpA,SpD,,80
Talonflame,1,1,TALONFLAME 1,Timid,Charti Berry,Round,Me First,Will-O-Wisp,Flamethrower,,,,SpA,,Spd,195
Talonflame,2,2,TALONFLAME 2,Timid,Heat Rock,Round,Fire Blast,Sunny Day,Solar Beam,,,,SpA,,Spd,195
Talonflame,3,3,TALONFLAME 3,Jolly,Focus Sash,Swords Dance,Quick Attack,Flail,Acrobatics,,,Def,,,Spd,195
Talonflame,4,4,TALONFLAME 4,Adamant,Sitrus Berry,Brave Bird,Flare Blitz,Quick Attack,Swords Dance,,Atk,,,,Spd,178
Tangrowth,1,1,TANGROWTH 1,Bold,Big Root,Leech Seed,Ingrain,Giga Drain,Toxic,HP,,Def,,SpD,,70
Tangrowth,2,2,TANGROWTH 2,Naughty,Yache Berry,Wring Out,Tickle,Power Whip,Bulldoze,,Atk,,,,Spd,102
Tangrowth,3,3,TANGROWTH 3,Modest,Heat Rock,Sunny Day,Solar Beam,Synthesis,Wring Out,,,Def,SpA,,,70
Tangrowth,4,4,TANGROWTH 4,Adamant,Lax Incense,Power Whip,Earthquake,Aerial Ace,Brick Break,,Atk,Def,,,,70
Tauros,1,1,TAUROS 1,Naughty,Liechi Berry,Earthquake,Rock Slide,Endure,Substitute,,Atk,,,,Spd,162
Tauros,2,2,TAUROS 2,Jolly,Expert Belt,Zen Headbutt,Wild Charge,Swagger,Giga Impact,,Atk,,,,Spd,178
Tauros,3,3,TAUROS 3,Jolly,Life Orb,Double-Edge,Earthquake,Payback,Giga Impact,,Atk,,,,Spd,178
Tauros,4,4,TAUROS 4,Careful,Sitrus Berry,Toxic,Protect,Double Team,Earthquake,HP,,,,SpD,,130
Tentacruel,1,1,TENTACRUEL 1,Hasty,Black Sludge,Ice Beam,Sludge Wave,Hex,Toxic Spikes,,,,SpA,,Spd,167
Tentacruel,2,2,TENTACRUEL 2,Hasty,Mystic Water,Rapid Spin,Poison Jab,Waterfall,Swords Dance,,Atk,,,,Spd,167
Tentacruel,3,3,TENTACRUEL 3,Modest,Focus Sash,Hydro Pump,Sludge Bomb,Giga Drain,Mirror Coat,HP,,,SpA,,,120
Tentacruel,4,4,TENTACRUEL 4,Bold,Black Sludge,Surf,Toxic,Venoshock,Protect,HP,,Def,,,,120
Terrakion,1,1,TERRAKION 1,Jolly,Expert Belt,Close Combat,Earthquake,Stone Edge,Aerial Ace,,Atk,,,,Spd,176
Terrakion,2,2,TERRAKION 2,Adamant,Choice Scarf,Sacred Sword,Earthquake,Stone Edge,Aerial Ace,,Atk,,,,Spd,240
Terrakion,3,3,TERRAKION 3,Jolly,Sitrus Berry,Swords Dance,Sacred Sword,Earthquake,Rock Slide,,Atk,,,,Spd,176
Terrakion,4,4,TERRAKION 4,Jolly,King's Rock,Bulldoze,Rock Slide,Earthquake,Sacred Sword,,Atk,,,,Spd,176
Throh,1,1,THROH 1,Impish,Payapa Berry,Protect,Toxic,Circle Throw,Wide Guard,,Atk,Def,,,,65
Throh,2,2,THROH 2,Brave,Expert Belt,Revenge,Storm Throw,Protect,Seismic Toss,,Atk,Def,,,,58
Throh,3,3,THROH 3,Adamant,Expert Belt,Earthquake,Storm Throw,Payback,Rock Slide,,Atk,Def,,SpD,,65
Throh,4,4,THROH 4,Brave,Flame Orb,Protect,Earthquake,Storm Throw,Payback,,Atk,,,SpD,,58
Thundurus,1,1,THUNDURUS 1,Bold,Chesto Berry,Thunderbolt,Protect,Toxic,Rest,HP,,,,SpD,,131
Thundurus,2,2,THUNDURUS 2,Timid,Choice Specs,Thunderbolt,Dark Pulse,Focus Blast,Grass Knot,,,,SpA,,Spd,179
Thundurus,3,3,THUNDURUS 3,Jolly,Sitrus Berry,Wild Charge,U-turn,Crunch,Sky Drop,,Atk,,,,Spd,179
Thundurus,4,4,THUNDURUS 4,Timid,Magnet,Discharge,Focus Blast,Volt Switch,Taunt,,,,SpA,,Spd,179
Togekiss,1,1,TOGEKISS 1,Calm,Sitrus Berry,Encore,Follow Me,Reflect,Dazzling Gleam,HP,,,,SpD,,100
Togekiss,2,2,TOGEKISS 2,Brave,Liechi Berry,Extreme Speed,Aerial Ace,Steel Wing,Brick Break,HP,Atk,,,,,90
Togekiss,3,3,TOGEKISS 3,Timid,King's Rock,Grass Knot,Thunder Wave,Air Slash,Shadow Ball,,,,SpA,,Spd,145
Togekiss,4,4,TOGEKISS 4,Modest,Expert Belt,Aura Sphere,Air Slash,Heat Wave,Dazzling Gleam,,,,SpA,,Spd,132
Tornadus,1,1,TORNADUS 1,Timid,Life Orb,Hurricane,Grass Knot,Focus Blast,Dark Pulse,,,,SpA,,Spd,179
Tornadus,2,2,TORNADUS 2,Modest,Yache Berry,Substitute,Double Team,Focus Blast,Hurricane,HP,,,SpA,,,131
Tornadus,3,3,TORNADUS 3,Bold,Chesto Berry,Rest,Air Slash,Dark Pulse,Focus Blast,HP,,,,SpD,,131
Tornadus,4,4,TORNADUS 4,Timid,Damp Rock,Hurricane,Focus Blast,Taunt,Rain Dance,,,,SpA,,Spd,179
Torterra,1,1,TORTERRA 1,Adamant,Binding Band,Sand Tomb,Seed Bomb,Curse,Synthesis,HP,Atk,,,,,76
Torterra,2,2,TORTERRA 2,Jolly,Choice Scarf,Rock Slide,Earthquake,Wood Hammer,Tickle,,Atk,,,,Spd,177
Torterra,3,3,TORTERRA 3,Adamant,Custap Berry,Earthquake,Crunch,Seed Bomb,Iron Head,,Atk,,,SpD,,76
Torterra,4,4,TORTERRA 4,Hardy,Leftovers,Stockpile,Leech Seed,Earthquake,Protect,HP,,,,SpD,,76
Toxicroak,1,1,TOXICROAK 1,Lonely,Payapa Berry,Fake Out,Brick Break,Sucker Punch,Taunt,,Atk,,,,Spd,137
Toxicroak,2,2,TOXICROAK 2,Modest,Petaya Berry,Focus Blast,Sludge Bomb,Substitute,Protect,,,,SpA,,Spd,137
Toxicroak,3,3,TOXICROAK 3,Modest,Focus Sash,Sludge Bomb,Focus Blast,Shadow Ball,Dark Pulse,,,,SpA,,Spd,137
Toxicroak,4,4,TOXICROAK 4,Adamant,Wide Lens,Cross Chop,Sucker Punch,Gunk Shot,Taunt,,Atk,,,,Spd,137
Trevenant,1,1,TREVENANT 1,Modest,Wise Glasses,Psychic,Shadow Ball,Energy Ball,Round,,,,SpA,SpD,,76
Trevenant,2,2,TREVENANT 2,Careful,Leftovers,Toxic,Ingrain,Protect,Phantom Force,,,Def,,SpD,,76
Trevenant,3,3,TREVENANT 3,Adamant,Choice Band,Horn Leech,Shadow Claw,Earthquake,X-Scissor,HP,Atk,,,,,76
Trevenant,4,4,TREVENANT 4,Quiet,Iron Ball,Trick Room,Focus Blast,Energy Ball,Shadow Ball,,,Def,SpA,,,34
Typhlosion,1,1,TYPHLOSION 1,Rash,Passho Berry,Flame Burst,Flamethrower,Solar Beam,Sunny Day,,,,SpA,,Spd,152
Typhlosion,2,2,TYPHLOSION 2,Naive,Wide Lens,Inferno,Focus Blast,Extrasensory,Will-O-Wisp,,,,SpA,,Spd,167
Typhlosion,3,3,TYPHLOSION 3,Modest,Choice Scarf,Eruption,Focus Blast,Heat Wave,Extrasensory,,,,SpA,,Spd,228
Typhlosion,4,4,TYPHLOSION 4,Modest,Power Herb,Extrasensory,Lava Plume,Bulldoze,Solar Beam,,,,SpA,,Spd,152
Tyranitar,1,1,TYRANITAR 1,Impish,Iron Ball,Rock Slide,Stealth Rock,Thunder Wave,Fling,HP,,,,SpD,,40
Tyranitar,2,2,TYRANITAR 2,Hasty,King's Rock,Rock Slide,Crunch,Ice Beam,Dragon Dance,,Atk,,,,Spd,124
Tyranitar,3,3,TYRANITAR 3,Jolly,Chople Berry,Stone Edge,Crunch,Earthquake,Dragon Dance,,Atk,,,,Spd,124
Tyranitar,4,4,TYRANITAR 4,Brave,Focus Sash,Rock Slide,Earthquake,Superpower,Dragon Tail,HP,Atk,,,,,72
Tyrantrum,1,1,TYRANTRUM 1,Relaxed,Lax Incense,Stealth Rock,Dragon Tail,Double Team,Earthquake,,,Def,,SpD,,81
Tyrantrum,2,2,TYRANTRUM 2,Impish,Leftovers,Crunch,Charm,Sandstorm,Dragon Claw,,,Def,,SpD,,91
Tyrantrum,3,3,TYRANTRUM 3,Impish,Wide Lens,Stone Edge,Horn Drill,Rest,Sleep Talk,HP,,Def,,,,91
Tyrantrum,4,4,TYRANTRUM 4,Adamant,Choice Band,Crunch,Dragon Claw,Earthquake,Head Smash,,Atk,,,,Spd,123
Umbreon,1,1,UMBREON 1,Impish,Leftovers,Confuse Ray,Payback,Curse,Moonlight,HP,,Def,,,,85
Umbreon,2,2,UMBREON 2,Careful,Chople Berry,Payback,Moonlight,Stored Power,Work Up,HP,Atk,,,,,85
Umbreon,3,3,UMBREON 3,Impish,Sitrus Berry,Feint Attack,Swagger,Psych Up,Screech,HP,,Def,,,,85
Umbreon,4,4,UMBREON 4,Careful,Chesto Berry,Curse,Trump Card,Payback,Rest,HP,,Def,,,,85
Unfezant,1,1,UNFEZANT 1,Jolly,Enigma Berry,Aerial Ace,U-turn,Razor Wind,Tailwind,HP,Atk,Def,,,,124
Unfezant,2,2,UNFEZANT 2,Jolly,Power Herb,Giga Impact,Quick Attack,Hypnosis,Sky Attack,,Atk,,,,Spd,159
Unfezant,3,3,UNFEZANT 3,Jolly,Power Herb,Sky Attack,Return,Detect,U-turn,,Atk,,,,Spd,159
Unfezant,4,4,UNFEZANT 4,Impish,Bright Powder,Detect,Feather Dance,Toxic,Fly,HP,,,,SpD,,113
Ursaring,1,1,URSARING 1,Adamant,Chesto Berry,Thrash,Crunch,Rest,Counter,,Atk,Def,,SpD,,75
Ursaring,2,2,URSARING 2,Jolly,Toxic Orb,Facade,Hammer Arm,Scary Face,Yawn,,Atk,,,,Spd,117
Ursaring,3,3,URSARING 3,Adamant,Toxic Orb,Facade,Superpower,Crunch,Protect,HP,Atk,,,,,75
Ursaring,4,4,URSARING 4,Adamant,Quick Claw,Return,Cross Chop,Earthquake,Aerial Ace,HP,Atk,,,,,75
Vanilluxe,1,1,VANILLUXE 1,Calm,Never-Melt Ice,Ice Beam,Frost Breath,Mirror Coat,Icy Wind,HP,,,SpA,SpD,,99
Vanilluxe,2,2,VANILLUXE 2,Lonely,Occa Berry,Avalanche,Ice Shard,Natural Gift,Giga Impact,HP,Atk,,,,,99
Vanilluxe,3,3,VANILLUXE 3,Modest,Leftovers,Hail,Blizzard,Flash Cannon,Sheer Cold,HP,,,SpA,,,99
Vanilluxe,4,4,VANILLUXE 4,Calm,Maranga Berry,Taunt,Ice Beam,Acid Armor,Mirror Coat,HP,,,,SpD,,99
Vaporeon,1,1,VAPOREON 1,Quiet,Quick Claw,Wish,Surf,Helping Hand,Shadow Ball,,,Def,SpA,,,76
Vaporeon,2,2,VAPOREON 2,Modest,Leftovers,Ice Beam,Hydro Pump,Acid Armor,Aqua Ring,,,Def,SpA,,,85
Vaporeon,3,3,VAPOREON 3,Modest,Leftovers,Muddy Water,Blizzard,Aqua Ring,Yawn,HP,,,SpA,,,85
Vaporeon,4,4,VAPOREON 4,Modest,Expert Belt,Surf,Ice Beam,Shadow Ball,Signal Beam,HP,,,SpA,,,85
Venusaur,1,1,VENUSAUR 1,Calm,Big Root,Leech Seed,Toxic,Synthesis,Ingrain,HP,,,,SpD,,100
Venusaur,2,2,VENUSAUR 2,Brave,Miracle Seed,Roar,Venoshock,Power Whip,Earthquake,HP,Atk,Def,,,,90
Venusaur,3,3,VENUSAUR 3,Timid,Salac Berry,Energy Ball,Sludge Bomb,Grass Knot,Protect,,,,SpA,,Spd,145
Venusaur,4,4,VENUSAUR 4,Bold,Black Sludge,Leech Seed,Substitute,Sludge Bomb,Protect,HP,,,,SpD,,100
Vespiquen,1,1,VESPIQUEN 1,Sassy,Quick Claw,Defend Order,Toxic,Protect,Heal Order,HP,,Def,,SpD,,54
Vespiquen,2,2,VESPIQUEN 2,Quiet,Insect Plate,Attack Order,Power Gem,Captivate,Confuse Ray,HP,,,SpA,,,54
Vespiquen,3,3,VESPIQUEN 3,Impish,Sitrus Berry,Attack Order,Defend Order,Roost,Confuse Ray,HP,,Def,,SpD,,60
Vespiquen,4,4,VESPIQUEN 4,Brave,Custap Berry,Attack Order,U-turn,Aerial Ace,Destiny Bond,HP,Atk,,,,,54
Victreebel,1,1,VICTREEBEL 1,Quiet,Payapa Berry,Leaf Tornado,Stockpile,Swallow,Gastro Acid,,,,SpA,SpD,,81
Victreebel,2,2,VICTREEBEL 2,Rash,Safety Goggles,Leaf Storm,Sleep Powder,Stockpile,Encore,,,,SpA,,Spd,122
Victreebel,3,3,VICTREEBEL 3,Modest,Focus Sash,Sunny Day,Solar Beam,Sludge Bomb,Weather Ball,,,,SpA,,Spd,122
Victreebel,4,4,VICTREEBEL 4,Modest,Life Orb,Weather Ball,Solar Beam,Sludge Bomb,Gastro Acid,,,,SpA,,Spd,122
Vileplume,1,1,VILEPLUME 1,Calm,Persim Berry,Petal Dance,Stun Spore,Teeter Dance,Moonlight,,,,,SpD,Spd,102
Vileplume,2,2,VILEPLUME 2,Modest,Power Herb,Solar Beam,Sludge Bomb,Synthesis,Double Team,HP,,,SpA,,,70
Vileplume,3,3,VILEPLUME 3,Modest,Big Root,Double Team,Ingrain,Toxic,Giga Drain,HP,,,SpA,,,70
Vileplume,4,4,VILEPLUME 4,Modest,Lum Berry,Giga Drain,Solar Beam,Teeter Dance,Sludge Bomb,,,,SpA,,Spd,102
Virizion,1,1,VIRIZION 1,Jolly,Salac Berry,Sacred Sword,Leaf Blade,Taunt,Stone Edge,,Atk,,,,Spd,176
Virizion,2,2,VIRIZION 2,Timid,Sitrus Berry,Energy Ball,Focus Blast,Calm Mind,Toxic,,,Def,,,Spd,176
Virizion,3,3,VIRIZION 3,Jolly,Coba Berry,Leaf Blade,Stone Edge,Sacred Sword,Protect,,Atk,,,,Spd,176
Virizion,4,4,VIRIZION 4,Impish,Chesto Berry,Leaf Blade,Swords Dance,Sacred Sword,Rest,HP,,Def,,,,128
Volcarona,1,1,VOLCARONA 1,Modest,Power Herb,Fire Spin,Heat Wave,Solar Beam,Whirlwind,HP,,,,,Spd,152
Volcarona,2,2,VOLCARONA 2,Timid,Lum Berry,Bug Buzz,Flamethrower,Protect,Calm Mind,,,,SpA,,Spd,167
Volcarona,3,3,VOLCARONA 3,Bold,White Herb,Overheat,Quiver Dance,Bug Buzz,Protect,HP,,Def,,,,120
Volcarona,4,4,VOLCARONA 4,Bold,Leftovers,Hurricane,Quiver Dance,Bug Buzz,Heat Wave,HP,,Def,,,,120
Wailord,1,1,WAILORD 1,Brave,Chesto Berry,Waterfall,Heavy Slam,Curse,Rest,,Atk,Def,,SpD,,72
Wailord,2,2,WAILORD 2,Timid,Quick Claw,Water Spout,Rest,Sleep Talk,Ice Beam,,,,SpA,,Spd,123
Wailord,3,3,WAILORD 3,Careful,Leftovers,Waterfall,Avalanche,Aqua Ring,Curse,,,Def,,SpD,,80
Wailord,4,4,WAILORD 4,Modest,Zoom Lens,Hydro Pump,Blizzard,Fissure,Hyper Beam,HP,,,SpA,,,80
Walrein,1,1,WALREIN 1,Calm,Chesto Berry,Frost Breath,Snore,Stockpile,Rest,,,Def,,SpD,,85
Walrein,2,2,WALREIN 2,Calm,Metronome,Ice Ball,Earthquake,Encore,Curse,,Atk,,,SpD,,85
Walrein,3,3,WALREIN 3,Modest,Leftovers,Surf,Blizzard,Hail,Signal Beam,HP,,,SpA,,,85
Walrein,4,4,WALREIN 4,Bold,Lax Incense,Sheer Cold,Fissure,Rest,Sleep Talk,,,Def,,SpD,,85
Weavile,1,1,WEAVILE 1,Hasty,Razor Fang,Fake Out,Taunt,Night Slash,Fling,,Atk,,,,Spd,194
Weavile,2,2,WEAVILE 2,Jolly,Never-Melt Ice,Ice Shard,Ice Punch,Torment,Protect,,Atk,,,,Spd,194
Weavile,3,3,WEAVILE 3,Jolly,Focus Sash,Fake Out,Ice Punch,Night Slash,Protect,,Atk,,,,Spd,194
Weavile,4,4,WEAVILE 4,Jolly,Focus Sash,Taunt,Ice Punch,Night Slash,Fake Out,,Atk,,,,Spd,194
Weezing,1,1,WEEZING 1,Impish,Payapa Berry,Pain Split,Explosion,Haze,Will-O-Wisp,HP,,Def,,,,80
Weezing,2,2,WEEZING 2,Rash,Safety Goggles,Sludge Bomb,Fire Blast,Stockpile,Swallow,HP,,,SpA,,,80
Weezing,3,3,WEEZING 3,Modest,Black Sludge,Sludge Bomb,Thunder,Fire Blast,Shadow Ball,HP,,,SpA,,,80
Weezing,4,4,WEEZING 4,Careful,Chesto Berry,Toxic,Will-O-Wisp,Stockpile,Rest,HP,,,,SpD,,80
Whiscash,1,1,WHISCASH 1,Careful,Chesto Berry,Earthquake,Tickle,Amnesia,Rest,,Atk,,,SpD,,80
Whiscash,2,2,WHISCASH 2,Adamant,Soft Sand,Aqua Tail,Earthquake,Zen Headbutt,Dragon Dance,HP,Atk,Def,,,,80
Whiscash,3,3,WHISCASH 3,Modest,Expert Belt,Earth Power,Surf,Blizzard,Protect,,,,SpA,SpD,,80
Whiscash,4,4,WHISCASH 4,Calm,Leftovers,Rest,Sleep Talk,Fissure,Muddy Water,HP,,Def,,SpD,,80
Yanmega,1,1,YANMEGA 1,Rash,Cheri Berry,Air Slash,Bug Buzz,Detect,U-turn,,,,SpA,SpD,,115
Yanmega,2,2,YANMEGA 2,Modest,Sitrus Berry,Psychic,Bug Buzz,Swagger,Substitute,HP,,,SpA,,,115
Yanmega,3,3,YANMEGA 3,Modest,Lum Berry,Silver Wind,Air Slash,Detect,Giga Drain,,,,SpA,,Spd,147
Yanmega,4,4,YANMEGA 4,Modest,King's Rock,Bug Buzz,Air Slash,Detect,Shadow Ball,,,,SpA,,Spd,147
Zapdos,1,1,ZAPDOS 1,Timid,Magnet,Thunderbolt,Signal Beam,Air Cutter,Ancient Power,,,,SpA,,Spd,167
Zapdos,2,2,ZAPDOS 2,Bold,Bright Powder,Charge Beam,Heat Wave,Double Team,Roost,HP,,,,SpD,,120
Zapdos,3,3,ZAPDOS 3,Naive,Petaya Berry,Thunder,Light Screen,Rain Dance,Drill Peck,,,,SpA,,Spd,167
Zapdos,4,4,ZAPDOS 4,Timid,Lum Berry,Thunderbolt,Volt Switch,Heat Wave,Detect,,,,SpA,,Spd,167
Zebstrika,1,1,ZEBSTRIKA 1,Naughty,Shuca Berry,Swagger,Volt Switch,Wild Charge,Pursuit,HP,Atk,,,,,136
Zebstrika,2,2,ZEBSTRIKA 2,Timid,Magnet,Discharge,Thunder Wave,Thunder,Rain Dance,,,,SpA,,Spd,184
Zebstrika,3,3,ZEBSTRIKA 3,Jolly,Air Balloon,Flame Charge,Toxic,Wild Charge,Volt Switch,,Atk,,,,Spd,184
Zebstrika,4,4,ZEBSTRIKA 4,Jolly,Focus Sash,Me First,Wild Charge,Thunder Wave,Volt Switch,,Atk,,,,Spd,184
Zoroark,1,1,ZOROARK 1,Naive,Focus Sash,Night Slash,Shadow Claw,Taunt,Counter,,Atk,,,,Spd,172
Zoroark,2,2,ZOROARK 2,Jolly,Expert Belt,Grass Knot,Shadow Ball,Flamethrower,Nasty Plot,,,,SpA,,Spd,172
Zoroark,3,3,ZOROARK 3,Jolly,Sitrus Berry,Swords Dance,Night Slash,U-turn,Sucker Punch,,Atk,,,,Spd,172
Zoroark,4,4,ZOROARK 4,Timid,Focus Band,Protect,Counter,Dark Pulse,Focus Blast,,,,SpA,,Spd,172
